partCode,groupNo,category,masterModel,devices,rejectedSourceValue
"MPF-SG-0001","SG-0001","Screen Guards","Huawei Pura 80 Pro",3,""
"MPF-SG-0002","SG-0002","Screen Guards","Huawei nova Y91",3,""
"MPF-SG-0003","SG-0003","Screen Guards","Huawei Enjoy 90",3,""
"MPF-SG-0004","SG-0004","Screen Guards","Huawei Mate 80 Pro Max",3,""
"MPF-SG-0005","SG-0005","Screen Guards","Huawei Y7 (2019)",4,""
"MPF-SG-0006","SG-0006","Screen Guards","Huawei Enjoy 9s",4,""
"MPF-SG-0007","SG-0007","Screen Guards","Huawei Mate 40 Pro",4,""
"MPF-SG-0008","SG-0008","Screen Guards","Huawei Mate 30 Pro",4,""
"MPF-SG-0009","SG-0009","Screen Guards","ZTE nubia Neo 2",3,""
"MPF-SG-0010","SG-0010","Screen Guards","ZTE Blade A36",6,""
"MPF-SG-0011","SG-0011","Screen Guards","ZTE nubia Neo 3",4,""
"MPF-SG-0012","SG-0012","Screen Guards","ZTE Blade A3 (2019)",5,""
"MPF-SG-0013","SG-0013","Screen Guards","ZTE Blade A72",3,""
"MPF-SG-0014","SG-0014","Screen Guards","ZTE nubia RedMagic 3",4,""
"MPF-SG-0015","SG-0015","Screen Guards","ZTE nubia RedMagic 6",6,""
"MPF-SG-0016","SG-0016","Screen Guards","ZTE nubia RedMagic 11 Pro+",10,""
"MPF-SG-0017","SG-0017","Screen Guards","ZTE Axon 10 Pro",6,""
"MPF-SG-0018","SG-0018","Screen Guards","ZTE nubia RedMagic 8 Pro",13,""
"MPF-SG-0019","SG-0019","Screen Guards","Google Pixel 6 Pro",2,""
"MPF-SG-0020","SG-0020","Screen Guards","Google Pixel 9 Pro XL",2,""
"MPF-SG-0021","SG-0021","Screen Guards","Google Pixel 9",6,""
"MPF-SG-0022","SG-0022","Screen Guards","Honor 9C",3,""
"MPF-SG-0023","SG-0023","Screen Guards","Honor 8S",3,""
"MPF-SG-0024","SG-0024","Screen Guards","Honor Magic3",3,""
"MPF-SG-0025","SG-0025","Screen Guards","Honor X20",3,""
"MPF-SG-0026","SG-0026","Screen Guards","Honor 8A 2020",4,""
"MPF-SG-0027","SG-0027","Screen Guards","Honor 10 Lite",4,""
"MPF-SG-0028","SG-0028","Screen Guards","Infinix Zero X",2,""
"MPF-SG-0029","SG-0029","Screen Guards","itel RS4",2,""
"MPF-SG-0030","SG-0030","Screen Guards","Infinix Hot 60 Pro",2,""
"MPF-SG-0031","SG-0031","Screen Guards","Tecno Pouvoir 4",3,""
"MPF-SG-0032","SG-0032","Screen Guards","itel A100",3,""
"MPF-SG-0033","SG-0033","Screen Guards","Motorola Moto G52",6,""
"MPF-SG-0034","SG-0034","Screen Guards","Xiaomi Mi 10 5G",4,""
"MPF-SG-0035","SG-0035","Screen Guards","Xiaomi Mi 9",8,""
"MPF-SG-0036","SG-0036","Screen Guards","Xiaomi Mi 11",3,""
"MPF-SG-0037","SG-0037","Screen Guards","Xiaomi Redmi Note 8",12,""
"MPF-SG-0038","SG-0038","Screen Guards","Xiaomi Mi Note 10",4,""
"MPF-SG-0039","SG-0039","Screen Guards","Xiaomi Redmi K20",7,""
"MPF-SG-0040","SG-0040","Screen Guards","Motorola Edge 60 Stylus",3,""
"MPF-SG-0041","SG-0041","Screen Guards","Motorola Razr 60 Ultra",2,""
"MPF-SG-0042","SG-0042","Screen Guards","Motorola Moto G10",7,""
"MPF-SG-0043","SG-0043","Screen Guards","Motorola Moto E32 (India)",4,""
"MPF-SG-0044","SG-0044","Screen Guards","Motorola Razr 50",9,""
"MPF-SG-0045","SG-0045","Screen Guards","Infinix Note 10",4,""
"MPF-SG-0046","SG-0046","Screen Guards","Infinix Note 50 4G",2,""
"MPF-SG-0047","SG-0047","Screen Guards","Infinix S5 Pro",3,""
"MPF-SG-0048","SG-0048","Screen Guards","Infinix Hot 10s",3,""
"MPF-SG-0049","SG-0049","Screen Guards","Infinix Hot 10 Play",4,""
"MPF-SG-0050","SG-0050","Screen Guards","Motorola Moto G (2026)",3,""
"MPF-SG-0051","SG-0051","Screen Guards","Xiaomi Redmi 9A",12,""
"MPF-SG-0052","SG-0052","Screen Guards","vivo Y500 Pro 5G (China)",5,""
"MPF-SG-0053","SG-0053","Screen Guards","vivo V70 FE",2,""
"MPF-SG-0054","SG-0054","Screen Guards","Honor 70 Pro",7,""
"MPF-SG-0055","SG-0055","Screen Guards","Honor X8",11,""
"MPF-SG-0056","SG-0056","Screen Guards","Honor X30",5,""
"MPF-SG-0057","SG-0057","Screen Guards","Honor 60",7,""
"MPF-SG-0058","SG-0058","Screen Guards","Honor Magic6 Pro",3,""
"MPF-SG-0059","SG-0059","Screen Guards","Asus ROG Phone 8",6,""
"MPF-SG-0060","SG-0060","Screen Guards","Honor X6c",3,""
"MPF-SG-0061","SG-0061","Screen Guards","Honor X8b",7,""
"MPF-SG-0062","SG-0062","Screen Guards","Honor 400",5,""
"MPF-SG-0063","SG-0063","Screen Guards","Honor X6b",16,""
"MPF-SG-0064","SG-0064","Screen Guards","Honor X70",4,""
"MPF-SG-0065","SG-0065","Screen Guards","Samsung Galaxy A01 Core",2,""
"MPF-SG-0066","SG-0066","Screen Guards","Samsung Galaxy S20",3,""
"MPF-SG-0067","SG-0067","Screen Guards","Samsung Galaxy Note10",2,""
"MPF-SG-0068","SG-0068","Screen Guards","Samsung Galaxy Note10+",2,""
"MPF-SG-0069","SG-0069","Screen Guards","Samsung Galaxy A60",2,""
"MPF-SG-0070","SG-0070","Screen Guards","OnePlus 8 Pro",3,""
"MPF-SG-0071","SG-0071","Screen Guards","Realme C1",4,""
"MPF-SG-0072","SG-0072","Screen Guards","Nothing Phone (3a)",2,""
"MPF-SG-0073","SG-0073","Screen Guards","Nothing Phone (3a) Lite",2,""
"MPF-SG-0074","SG-0074","Screen Guards","OnePlus 12",3,""
"MPF-SG-0075","SG-0075","Screen Guards","OnePlus 13R",7,""
"MPF-SG-0076","SG-0076","Screen Guards","OnePlus 15R",8,""
"MPF-SG-0077","SG-0077","Screen Guards","vivo X60",4,""
"MPF-SG-0078","SG-0078","Screen Guards","Xiaomi Redmi Note 5 Pro",19,""
"MPF-SG-0079","SG-0079","Screen Guards","vivo V20 Pro",8,""
"MPF-SG-0080","SG-0080","Screen Guards","vivo V20",33,""
"MPF-SG-0081","SG-0081","Screen Guards","vivo V17",8,""
"MPF-SG-0082","SG-0082","Screen Guards","vivo X50",5,""
"MPF-SG-0083","SG-0083","Screen Guards","vivo V11i",3,""
"MPF-SG-0084","SG-0084","Screen Guards","Motorola Moto G13",13,""
"MPF-SG-0085","SG-0085","Screen Guards","Motorola Moto G100",9,""
"MPF-SG-0086","SG-0086","Screen Guards","Xiaomi 12",3,""
"MPF-SG-0087","SG-0087","Screen Guards","Xiaomi Redmi Note 12 4G",5,""
"MPF-SG-0088","SG-0088","Screen Guards","Xiaomi 13",3,""
"MPF-SG-0089","SG-0089","Screen Guards","Xiaomi Poco F5",9,""
"MPF-SG-0090","SG-0090","Screen Guards","Xiaomi Redmi 10C",10,""
"MPF-SG-0091","SG-0091","Screen Guards","Xiaomi Redmi Note 13 Pro",20,""
"MPF-SG-0092","SG-0092","Screen Guards","Xiaomi Redmi 12",10,""
"MPF-SG-0093","SG-0093","Screen Guards","Xiaomi 14 Pro",6,""
"MPF-SG-0094","SG-0094","Screen Guards","Xiaomi 14 Civi",3,""
"MPF-SG-0095","SG-0095","Screen Guards","Xiaomi Redmi 14C",13,""
"MPF-SG-0096","SG-0096","Screen Guards","Xiaomi Poco M7 4G",4,""
"MPF-SG-0097","SG-0097","Screen Guards","Xiaomi 17",2,""
"MPF-SG-0098","SG-0098","Screen Guards","Xiaomi Poco M8 Pro",3,""
"MPF-SG-0099","SG-0099","Screen Guards","Xiaomi Poco F7",10,""
"MPF-SG-0100","SG-0100","Screen Guards","Infinix Hot 12",11,""
"MPF-SG-0101","SG-0101","Screen Guards","Infinix Note 11",8,""
"MPF-SG-0102","SG-0102","Screen Guards","Infinix GT 10 Pro",7,""
"MPF-SG-0103","SG-0103","Screen Guards","Infinix Hot 10",32,""
"MPF-SG-0104","SG-0104","Screen Guards","Tecno Pova 6",8,""
"MPF-SG-0105","SG-0105","Screen Guards","Infinix Smart 9",20,""
"MPF-SG-0106","SG-0106","Screen Guards","Oppo F19",88,""
"MPF-SG-0107","SG-0107","Screen Guards","Samsung Galaxy S22 5G",2,""
"MPF-SG-0108","SG-0108","Screen Guards","Samsung Galaxy A14",7,""
"MPF-SG-0109","SG-0109","Screen Guards","Samsung Galaxy S23+",4,""
"MPF-SG-0110","SG-0110","Screen Guards","Samsung Galaxy A35",3,""
"MPF-SG-0111","SG-0111","Screen Guards","Samsung Galaxy S24+",3,""
"MPF-SG-0112","SG-0112","Screen Guards","Samsung Galaxy S24",2,""
"MPF-SG-0113","SG-0113","Screen Guards","Samsung Galaxy S24 FE",8,""
"MPF-SG-0114","SG-0114","Screen Guards","Realme 6 Pro",53,""
"MPF-SG-0115","SG-0115","Screen Guards","Oppo Find X9",2,""
"MPF-SG-0116","SG-0116","Screen Guards","Oppo Reno15 Pro Mini",3,""
"MPF-SG-0117","SG-0117","Screen Guards","vivo X200",3,""
"MPF-SG-0118","SG-0118","Screen Guards","vivo V40e",5,""
"MPF-SG-0119","SG-0119","Screen Guards","vivo V50 Lite",4,""
"MPF-SG-0120","SG-0120","Screen Guards","vivo V70",10,""
"MPF-SG-0121","SG-0121","Screen Guards","vivo X60 Pro",14,""
"MPF-SG-0122","SG-0122","Screen Guards","vivo X50 Pro",11,""
"MPF-SG-0123","SG-0123","Screen Guards","Xiaomi Redmi Note 9 Pro",235,""
"MPF-SG-0124","SG-0124","Screen Guards","Xiaomi Redmi 15C",7,""
"MPF-SG-0125","SG-0125","Screen Guards","Realme 15T",2,""
"MPF-SG-0126","SG-0126","Screen Guards","Realme 16 Pro",12,""
"MPF-SG-0127","SG-0127","Screen Guards","Realme C55",91,""
"MPF-SG-0128","SG-0128","Screen Guards","Motorola Moto G04",5,""
"MPF-SG-0129","SG-0129","Screen Guards","Motorola Edge 60",5,""
"MPF-SG-0130","SG-0130","Screen Guards","Infinix Hot 60 Pro+",8,""
"MPF-SG-0131","SG-0131","Screen Guards","Oppo Find X8",4,""
"MPF-SG-0132","SG-0132","Screen Guards","Oppo F25 Pro",55,""
"MPF-SG-0133","SG-0133","Screen Guards","vivo Y90",37,""
"MPF-SG-0134","SG-0134","Screen Guards","vivo V9",15,""
"MPF-SG-0135","SG-0135","Screen Guards","OnePlus 15",5,""
"MPF-SG-0136","SG-0136","Screen Guards","Samsung Galaxy A16",11,""
"MPF-SG-0137","SG-0137","Screen Guards","vivo Y04",52,""
"MPF-SG-0138","SG-0138","Screen Guards","vivo X200 FE",10,""
"MPF-SG-0139","SG-0139","Screen Guards","Oppo A6",36,""
"MPF-SG-0140","SG-0140","Screen Guards","Oppo F31 Pro+",5,""
"MPF-SG-0141","SG-0141","Screen Guards","Oppo F31",15,""
"MPF-SG-0142","SG-0142","Screen Guards","Oppo F11",30,""
"MPF-SG-0143","SG-0143","Screen Guards","vivo Y15",62,""
"MPF-SG-0144","SG-0144","Screen Guards","Realme 6",83,""
"MPF-SG-0145","SG-0145","Screen Guards","Apple iPhone 15 Plus",2,""
"MPF-SG-0146","SG-0146","Screen Guards","Apple iPhone 6 Plus",4,""
"MPF-SG-0147","SG-0147","Screen Guards","Apple iPhone 6s",5,""
"MPF-SG-0148","SG-0148","Screen Guards","Apple iPhone 15",2,""
"MPF-SG-0149","SG-0149","Screen Guards","Apple iPhone 12 Pro Max",3,""
"MPF-SG-0150","SG-0150","Screen Guards","Apple iPhone 12",7,""
"MPF-SG-0151","SG-0151","Screen Guards","Apple iPhone 11",2,""
"MPF-SG-0152","SG-0152","Screen Guards","Apple iPhone 11 Pro",3,""
"MPF-SG-0153","SG-0153","Screen Guards","Apple iPhone 11 Pro Max",2,""
"MPF-SG-0154","SG-0154","Screen Guards","OnePlus 12R",19,""
"MPF-SG-0155","SG-0155","Screen Guards","vivo V27",38,""
"MPF-SG-0156","SG-0156","Screen Guards","OnePlus 8",18,""
"MPF-SG-0157","SG-0157","Screen Guards","vivo V50",29,""
"MPF-SG-0158","SG-0158","Screen Guards","Realme Narzo 80 Pro",7,""
"MPF-SG-0159","SG-0159","Screen Guards","Xiaomi Poco X7",4,""
"MPF-SG-0160","SG-0160","Screen Guards","Oppo F29 Pro",4,""
"MPF-SG-0161","SG-0161","Screen Guards","Motorola Edge 40",4,""
"MPF-SG-0162","SG-0162","Screen Guards","Motorola Edge 50",4,""
"MPF-SG-0163","SG-0163","Screen Guards","Samsung Galaxy A05",18,""
"MPF-SG-0164","SG-0164","Screen Guards","OnePlus 11R",42,""
"MPF-SG-0165","SG-0165","Screen Guards","vivo V30",19,""
"MPF-SG-0166","SG-0166","Screen Guards","vivo V29",23,""
"MPF-SG-0167","SG-0167","Screen Guards","Realme 5",325,""
"MPF-BC-0001","BC-0001","Back Cover","ZTE nubia RedMagic Nova",2,"sfd"
"MPF-BC-0002","BC-0002","Back Cover","ZTE Blade V70 Max",2,"zddfd"
"MPF-BC-0003","BC-0003","Back Cover","ZTE Axon 11 4G",2,"sdef"
"MPF-BC-0004","BC-0004","Back Cover","Huawei nova 3",2,"dfdgv"
"MPF-BC-0005","BC-0005","Back Cover","Huawei nova 6",2,"wfsf"
"MPF-BC-0006","BC-0006","Back Cover","Huawei nova 7 5G",2,"adsf"
"MPF-BC-0007","BC-0007","Back Cover","Huawei nova 8 SE 4G",2,"sfdg"
"MPF-BC-0008","BC-0008","Back Cover","Huawei nova 9",2,"dfg"
"MPF-BC-0009","BC-0009","Back Cover","Huawei nova 10",2,"sfdv"
"MPF-BC-0010","BC-0010","Back Cover","Huawei Enjoy 90 Pro Max",2,"sdsf"
"MPF-BC-0011","BC-0011","Back Cover","Huawei nova 14",4,"dwfef"
"MPF-BC-0012","BC-0012","Back Cover","Huawei Y7 (2018)",2,"sfdf"
"MPF-BC-0013","BC-0013","Back Cover","Huawei Y5 lite (2018)",2,"dwf"
"MPF-BC-0014","BC-0014","Back Cover","Huawei Mate 60 RS Ultimate",2,"sfdg"
"MPF-BC-0015","BC-0015","Back Cover","Huawei Enjoy 90",2,"sddf"
"MPF-BC-0016","BC-0016","Back Cover","Lava Blaze 2 5G",2,"Xscf"
"MPF-BC-0017","BC-0017","Back Cover","Lava Blaze Dragon",2,"ssf"
"MPF-BC-0018","BC-0018","Back Cover","Lava Storm",2,"adsf"
"MPF-BC-0019","BC-0019","Back Cover","Lava Z2",3,"axsf"
"MPF-BC-0020","BC-0020","Back Cover","Tecno Spark 3 Pro",2,"ewrrr"
"MPF-BC-0021","BC-0021","Back Cover","Tecno Spark 9T",2,"sdfdf"
"MPF-BC-0022","BC-0022","Back Cover","Tecno Camon 19 Pro",3,"sfdg"
"MPF-BC-0023","BC-0023","Back Cover","Tecno Pova 4 Pro",2,"asf"
"MPF-BC-0024","BC-0024","Back Cover","Tecno Spark 30 Pro",3,"adsf"
"MPF-BC-0025","BC-0025","Back Cover","Tecno Spark 30",2,"sfdf"
"MPF-BC-0026","BC-0026","Back Cover","Tecno Pova 7 Pro",2,"sdfdf"
"MPF-BC-0027","BC-0027","Back Cover","Tecno Camon 15 Air",2,"adsdf"
"MPF-BC-0028","BC-0028","Back Cover","HMD Crest",2,"scdds"
"MPF-BC-0029","BC-0029","Back Cover","HMD Pulse",6,"adsd"
"MPF-BC-0030","BC-0030","Back Cover","HMD Arc",3,"adsf"
"MPF-BC-0031","BC-0031","Back Cover","Honor 50",2,"adsf"
"MPF-BC-0032","BC-0032","Back Cover","Honor 8X Max",3,"asfd"
"MPF-BC-0033","BC-0033","Back Cover","Honor V40 5G",2,"sdfd"
"MPF-BC-0034","BC-0034","Back Cover","Honor Magic4 Lite",2,"assdsf"
"MPF-BC-0035","BC-0035","Back Cover","Honor 80 Pro",2,"adssf"
"MPF-BC-0036","BC-0036","Back Cover","Honor 90",2,"adsf"
"MPF-BC-0037","BC-0037","Back Cover","Honor 200",2,"adsf"
"MPF-BC-0038","BC-0038","Back Cover","Honor Magic 2",2,"adsd"
"MPF-BC-0039","BC-0039","Back Cover","Honor 20",2,"adf"
"MPF-BC-0040","BC-0040","Back Cover","Honor 9X",2,"adf"
"MPF-BC-0041","BC-0041","Back Cover","Honor 30 Pro",3,"adwsd"
"MPF-BC-0042","BC-0042","Back Cover","Honor 9A",2,"addf"
"MPF-BC-0043","BC-0043","Back Cover","Honor 20 lite (China)",2,"adf"
"MPF-BC-0044","BC-0044","Back Cover","Honor X10 Max 5G",2,"asdf"
"MPF-BC-0045","BC-0045","Back Cover","Honor Magic4 Pro",2,"adsd"
"MPF-BC-0046","BC-0046","Back Cover","Honor 70 Pro",2,"adsd"
"MPF-BC-0047","BC-0047","Back Cover","Honor 300 Pro",2,"adsf"
"MPF-BC-0048","BC-0048","Back Cover","Honor X60",2,"adsf"
"MPF-BC-0049","BC-0049","Back Cover","Honor Win RT",2,"adsfd"
"MPF-BC-0050","BC-0050","Back Cover","Honor 200 Smart",2,"adsf"
"MPF-BC-0051","BC-0051","Back Cover","Honor 500",2,"adsf"
"MPF-BC-0052","BC-0052","Back Cover","Honor 600 Lite",2,"adddf"
"MPF-BC-0053","BC-0053","Back Cover","Honor V30",3,"adsf"
"MPF-BC-0054","BC-0054","Back Cover","Honor 9C",2,"assd"
"MPF-BC-0055","BC-0055","Back Cover","Honor 8S",3,"adsf"
"MPF-BC-0056","BC-0056","Back Cover","Honor Magic3",2,"sfef"
"MPF-BC-0057","BC-0057","Back Cover","Honor 50 Lite",2,"sde"
"MPF-BC-0058","BC-0058","Back Cover","Honor X30i",2,"sdsfd"
"MPF-BC-0059","BC-0059","Back Cover","Honor Play 30 Plus",2,"dfb"
"MPF-BC-0060","BC-0060","Back Cover","Honor Magic5 Lite",3,"rgrwg"
"MPF-BC-0061","BC-0061","Back Cover","Honor Magic7 Lite",3,"xcd"
"MPF-BC-0062","BC-0062","Back Cover","Honor X70",3,"ddff"
"MPF-BC-0063","BC-0063","Back Cover","Honor Play 60A",3,"ads"
"MPF-BC-0064","BC-0064","Back Cover","Honor 8A 2020",4,"qwew"
"MPF-BC-0065","BC-0065","Back Cover","Honor 20 lite",3,"sdssf"
"MPF-BC-0066","BC-0066","Back Cover","Honor 90 Lite",3,"werre"
"MPF-BC-0067","BC-0067","Back Cover","Honor X30",5,"asdfd"
"MPF-BC-0068","BC-0068","Back Cover","Honor X8b",2,"sfdg"
"MPF-BC-0069","BC-0069","Back Cover","Honor Play10A",5,"sdd"
"MPF-BC-0070","BC-0070","Back Cover","Honor 90 Smart",6,"sddf"
"MPF-BC-0071","BC-0071","Back Cover","Honor 400 Smart",6,"aerf"
"MPF-BC-0072","BC-0072","Back Cover","Google Pixel 3a",4,"sfedf"
"MPF-BC-0073","BC-0073","Back Cover","Google Pixel 4a 5G",5,"sfef"
"MPF-BC-0074","BC-0074","Back Cover","Google Pixel 6a",3,"dsaa"
"MPF-BC-0075","BC-0075","Back Cover","Google Pixel 7",2,"fsda"
"MPF-BC-0076","BC-0076","Back Cover","Google Pixel 8a",2,"sfdg"
"MPF-BC-0077","BC-0077","Back Cover","Google Pixel 10",6,"frs"
"MPF-BC-0078","BC-0078","Back Cover","Coolpad Cool 20",2,"efrg"
"MPF-BC-0079","BC-0079","Back Cover","Coolpad C16",2,"dgf"
"MPF-BC-0080","BC-0080","Back Cover","Nokia 3.1 A",2,"eegddfe"
"MPF-BC-0081","BC-0081","Back Cover","Nokia C2 Tava",2,"fhgj"
"MPF-BC-0082","BC-0082","Back Cover","Nokia 8 V 5G UW",2,"dbf"
"MPF-BC-0083","BC-0083","Back Cover","Nokia 3.4",3,"eret"
"MPF-BC-0084","BC-0084","Back Cover","Nokia G10",3,"xgd"
"MPF-BC-0085","BC-0085","Back Cover","Nokia X10",3,"sgd"
"MPF-BC-0086","BC-0086","Back Cover","Nokia C01 Plus",4,"wfref"
"MPF-BC-0087","BC-0087","Back Cover","Nokia C21 Plus",2,"rgrg"
"MPF-BC-0088","BC-0088","Back Cover","Nokia C10",3,"xvgfh"
"MPF-BC-0089","BC-0089","Back Cover","Nokia G11",2,"dvgf"
"MPF-BC-0090","BC-0090","Back Cover","Nokia C22",2,"fegr"
"MPF-BC-0091","BC-0091","Back Cover","Apple iPhone 17 Pro",2,"hgy"
"MPF-BC-0092","BC-0092","Back Cover","Apple iPhone 14 Pro",8,"grgr"
"MPF-BC-0093","BC-0093","Back Cover","Apple iPhone 12",3,"gyj"
"MPF-BC-0094","BC-0094","Back Cover","Apple iPhone 11 Pro",2,"cbgf"
"MPF-BC-0095","BC-0095","Back Cover","Apple iPhone 17",3,"dfdg"
"MPF-BC-0096","BC-0096","Back Cover","Apple iPhone SE",4,"jhgh"
"MPF-BC-0097","BC-0097","Back Cover","Apple iPhone 16e",2,"swdew"
"MPF-BC-0098","BC-0098","Back Cover","Apple iPhone 13",6,"dgf"
"MPF-BC-0099","BC-0099","Back Cover","Apple iPhone 12 Pro",2,"wfret"
"MPF-BC-0100","BC-0100","Back Cover","itel A90 Limited",2,"sxsf"
"MPF-BC-0101","BC-0101","Back Cover","itel A70",4,"scdv"
"MPF-BC-0102","BC-0102","Back Cover","itel A200",2,"adsf"
"MPF-BC-0103","BC-0103","Back Cover","Infinix Smart 4",2,"asd"
"MPF-BC-0104","BC-0104","Back Cover","Infinix Hot 9",3,"sxs"
"MPF-BC-0105","BC-0105","Back Cover","Infinix Note 10 Pro",2,"adsf"
"MPF-BC-0106","BC-0106","Back Cover","Infinix Zero 8",2,"sfs"
"MPF-BC-0107","BC-0107","Back Cover","Infinix Zero X",2,"adsx"
"MPF-BC-0108","BC-0108","Back Cover","Infinix Note 11 Pro",2,"adsf"
"MPF-BC-0109","BC-0109","Back Cover","Infinix Hot 12i",2,"wdwr"
"MPF-BC-0110","BC-0110","Back Cover","Infinix Note 12 (2023)",2,"sfds"
"MPF-BC-0111","BC-0111","Back Cover","Infinix Note 12i",2,"aszdf"
"MPF-BC-0112","BC-0112","Back Cover","Infinix Hot 20",2,"sfd"
"MPF-BC-0113","BC-0113","Back Cover","Infinix Note 50 4G",5,"srgr"
"MPF-BC-0114","BC-0114","Back Cover","Infinix Note 30 VIP",5,"wfe"
"MPF-BC-0115","BC-0115","Back Cover","OnePlus Nord 2 Lite",2,"xvd"
"MPF-BC-0116","BC-0116","Back Cover","OnePlus Nord 6",2,"xcd"
"MPF-BC-0117","BC-0117","Back Cover","OnePlus Ace 5 Ultra",2,"dfd"
"MPF-BC-0118","BC-0118","Back Cover","Xiaomi Redmi 11",2,"adfd"
"MPF-BC-0119","BC-0119","Back Cover","Xiaomi Mi Mix 3",2,"scfdg"
"MPF-BC-0120","BC-0120","Back Cover","Xiaomi Black Shark 2",2,"adsgf"
"MPF-BC-0121","BC-0121","Back Cover","Xiaomi Mi 9 Pro",2,"sfd"
"MPF-BC-0122","BC-0122","Back Cover","Xiaomi Black Shark 3",2,"asdsf"
"MPF-BC-0123","BC-0123","Back Cover","Xiaomi Redmi Note 8",3,"sfdf"
"MPF-BC-0124","BC-0124","Back Cover","Xiaomi Poco F3 GT",2,"dege"
"MPF-BC-0125","BC-0125","Back Cover","Xiaomi Poco X3 GT",2,"sfdg"
"MPF-BC-0126","BC-0126","Back Cover","Xiaomi Civi 4 Pro",2,"sfe"
"MPF-BC-0127","BC-0127","Back Cover","Xiaomi Civi 1S",2,"sfeg"
"MPF-BC-0128","BC-0128","Back Cover","Xiaomi Poco F4 GT",2,"sfdg"
"MPF-BC-0129","BC-0129","Back Cover","Xiaomi Poco F4",2,"sfsdf"
"MPF-BC-0130","BC-0130","Back Cover","Xiaomi Poco F8 Ultra",2,"afs"
"MPF-BC-0131","BC-0131","Back Cover","Xiaomi Mi 10i 5G",2,"sdef"
"MPF-BC-0132","BC-0132","Back Cover","Xiaomi 11 Lite 5G NE",3,"hgf"
"MPF-BC-0133","BC-0133","Back Cover","Xiaomi 12 Pro",6,"wre"
"MPF-BC-0134","BC-0134","Back Cover","Xiaomi Poco F2 Pro",4,"eret"
"MPF-BC-0135","BC-0135","Back Cover","Xiaomi Redmi Note 11 (China)",3,"sdfd"
"MPF-BC-0136","BC-0136","Back Cover","Xiaomi Poco C85",2,"sfd"
"MPF-BC-0137","BC-0137","Back Cover","Xiaomi Poco M8 Pro",6,"eff"
"MPF-BC-0138","BC-0138","Back Cover","Xiaomi Poco X8 Pro",4,"zcx"
"MPF-BC-0139","BC-0139","Back Cover","Xiaomi Mi 8",3,"xvc"
"MPF-BC-0140","BC-0140","Back Cover","Xiaomi 11T",2,"sdddg"
"MPF-BC-0141","BC-0141","Back Cover","Xiaomi Mi 11",2,"sfdgf"
"MPF-BC-0142","BC-0142","Back Cover","Xiaomi 12T",5,"xcxv"
"MPF-BC-0143","BC-0143","Back Cover","Xiaomi Redmi K60",4,"sfdg"
"MPF-BC-0144","BC-0144","Back Cover","Xiaomi 13T",3,"adsf"
"MPF-BC-0145","BC-0145","Back Cover","Xiaomi Redmi K70",7,"wrtgr"
"MPF-BC-0146","BC-0146","Back Cover","Xiaomi Poco F7",2,"asdg"
"MPF-BC-0147","BC-0147","Back Cover","Xiaomi 17 Pro",2,"scdg"
"MPF-BC-0148","BC-0148","Back Cover","Xiaomi 17 Ultra",2,"sfd"
"MPF-BC-0149","BC-0149","Back Cover","Xiaomi Mi CC9",3,"sfeg"
"MPF-BC-0150","BC-0150","Back Cover","Xiaomi Mi Note 10 Pro",3,"dfg"
"MPF-BC-0151","BC-0151","Back Cover","Xiaomi Redmi 9 Power",4,"sfr"
"MPF-BC-0152","BC-0152","Back Cover","Xiaomi Poco X5 Pro",2,"vdf"
"MPF-BC-0153","BC-0153","Back Cover","Xiaomi Redmi Note 11",2,"ads"
"MPF-BC-0154","BC-0154","Back Cover","Xiaomi Poco F7 Pro",4,"sfs"
"MPF-BC-0155","BC-0155","Back Cover","Xiaomi Poco M3 Pro",3,"asfd"
"MPF-BC-0156","BC-0156","Back Cover","Xiaomi Poco M2 Pro",2,"sdeg"
"MPF-BC-0157","BC-0157","Back Cover","Xiaomi Poco C85x",2,"scd"
"MPF-BC-0158","BC-0158","Back Cover","Xiaomi Black Shark 5",2,"zsfrd"
"MPF-BC-0159","BC-0159","Back Cover","Xiaomi Black Shark 4",2,"adsf"
"MPF-BC-0160","BC-0160","Back Cover","Xiaomi Black Shark 4S",3,"def"
"MPF-BC-0161","BC-0161","Back Cover","Xiaomi 11i",2,"zdsf"
"MPF-BC-0162","BC-0162","Back Cover","Motorola Moto E6i",2,"asdf"
"MPF-BC-0163","BC-0163","Back Cover","Motorola Moto G06",2,"sfd"
"MPF-BC-0164","BC-0164","Back Cover","Motorola Moto G (2026)",3,"zcdg"
"MPF-BC-0165","BC-0165","Back Cover","Motorola Moto G67",3,"adsfg"
"MPF-BC-0166","BC-0166","Back Cover","Motorola Edge 60 Stylus",9,"adsf"
"MPF-BC-0167","BC-0167","Back Cover","Motorola Razr 50",9,"addsf"
"MPF-BC-0168","BC-0168","Back Cover","vivo X21",3,"ads"
"MPF-BC-0169","BC-0169","Back Cover","vivo Y71",2,"adc"
"MPF-BC-0170","BC-0170","Back Cover","vivo Y81i",2,"adg"
"MPF-BC-0171","BC-0171","Back Cover","vivo iQOO Pro",2,"deg"
"MPF-BC-0172","BC-0172","Back Cover","vivo X300",2,"add"
"MPF-BC-0173","BC-0173","Back Cover","vivo X300 Pro",2,"asde"
"MPF-BC-0174","BC-0174","Back Cover","vivo X30",2,"adw"
"MPF-BC-0175","BC-0175","Back Cover","vivo X50",2,"sfs"
"MPF-BC-0176","BC-0176","Back Cover","vivo X50 Pro",2,"scdg"
"MPF-BC-0177","BC-0177","Back Cover","vivo V21e",2,"zsf"
"MPF-BC-0178","BC-0178","Back Cover","vivo S10",2,"zcs"
"MPF-BC-0179","BC-0179","Back Cover","vivo Y71t",2,"sfg"
"MPF-BC-0180","BC-0180","Back Cover","vivo S12",4,"sds"
"MPF-BC-0181","BC-0181","Back Cover","vivo S15 Pro",3,"wewr"
"MPF-BC-0182","BC-0182","Back Cover","vivo iQOO 11",3,"sxds"
"MPF-BC-0183","BC-0183","Back Cover","vivo V30e",2,"sdsd"
"MPF-BC-0184","BC-0184","Back Cover","vivo T3 Pro",2,"assd"
"MPF-BC-0185","BC-0185","Back Cover","vivo iQOO Neo10 (China)",3,"sdef"
"MPF-BC-0186","BC-0186","Back Cover","vivo Pad5 Pro",2,"zcsv"
"MPF-BC-0187","BC-0187","Back Cover","vivo Y400",3,"scdv"
"MPF-BC-0188","BC-0188","Back Cover","vivo Y21d",2,"xcdv"
"MPF-BC-0189","BC-0189","Back Cover","vivo V11i",3,"scsc"
"MPF-BC-0190","BC-0190","Back Cover","vivo NEX 3",3,"scsdv"
"MPF-BC-0191","BC-0191","Back Cover","vivo S7",3,"sfdeg"
"MPF-BC-0192","BC-0192","Back Cover","vivo X60",3,"sddv"
"MPF-BC-0193","BC-0193","Back Cover","vivo Y55L (vivo 1603)",2,"adsf"
"MPF-BC-0194","BC-0194","Back Cover","vivo iQOO Z6 44W",3,"cdf"
"MPF-BC-0195","BC-0195","Back Cover","vivo Y200+",3,"wete"
"MPF-BC-0196","BC-0196","Back Cover","vivo Y3",2,"addf"
"MPF-BC-0197","BC-0197","Back Cover","vivo T5x",3,"adsf"
"MPF-BC-0198","BC-0198","Back Cover","vivo Y05",3,"adsf"
"MPF-BC-0199","BC-0199","Back Cover","vivo Y50t",4,"zsfe"
"MPF-BC-0200","BC-0200","Back Cover","vivo S1 Prime",6,"ade"
"MPF-BC-0201","BC-0201","Back Cover","vivo iQOO Z7",2,"adsg"
"MPF-BC-0202","BC-0202","Back Cover","vivo V29 Pro",2,"sdwd"
"MPF-BC-0203","BC-0203","Back Cover","vivo V60 Lite",2,"zxsf"
"MPF-BC-0204","BC-0204","Back Cover","vivo V50 Lite",2,"adswf"
"MPF-BC-0205","BC-0205","Back Cover","vivo S16",5,"sdefg"
"MPF-BC-0206","BC-0206","Back Cover","Oppo K7 5G",3,"adsf"
"MPF-BC-0207","BC-0207","Back Cover","Oppo Find X3 Neo",2,"sfdf"
"MPF-BC-0208","BC-0208","Back Cover","Oppo Reno5 4G",2,"ads"
"MPF-BC-0209","BC-0209","Back Cover","Oppo Reno6 Pro+ 5G",2,"adwf"
"MPF-BC-0210","BC-0210","Back Cover","Oppo K10 Energy",2,"sfrd"
"MPF-BC-0211","BC-0211","Back Cover","vivo iQOO Neo 10",6,"assf"
"MPF-BC-0212","BC-0212","Back Cover","vivo Y72t",2,"afffg"
"MPF-BC-0213","BC-0213","Back Cover","vivo Y36",5,"adsf"
"MPF-BC-0214","BC-0214","Back Cover","vivo Y27",2,"ettry"
"MPF-BC-0215","BC-0215","Back Cover","Oppo A55 5G",2,"xcdg"
"MPF-BC-0216","BC-0216","Back Cover","Oppo Reno8 Pro",2,"cvf"
"MPF-BC-0217","BC-0217","Back Cover","Oppo A1 Pro",2,"dfrg"
"MPF-BC-0218","BC-0218","Back Cover","Oppo Reno11 Pro",3,"dffr"
"MPF-BC-0219","BC-0219","Back Cover","Oppo F25 Pro",2,"efreg"
"MPF-BC-0220","BC-0220","Back Cover","Oppo Reno12 (China)",2,"zcsdf"
"MPF-BC-0221","BC-0221","Back Cover","Oppo K12",2,"scdv"
"MPF-BC-0222","BC-0222","Back Cover","Oppo Reno13 F",2,"sdeg"
"MPF-BC-0223","BC-0223","Back Cover","Oppo F29",2,"adsf"
"MPF-BC-0224","BC-0224","Back Cover","Oppo A5 Pro (China)",2,"sfdbh"
"MPF-BC-0225","BC-0225","Back Cover","Oppo A6 GT",2,"scddg"
"MPF-BC-0226","BC-0226","Back Cover","Oppo A94",3,"sfdg"
"MPF-BC-0227","BC-0227","Back Cover","Oppo A1",3,"safdg"
"MPF-BC-0228","BC-0228","Back Cover","Oppo Reno15 F",5,"sfe"
"MPF-BC-0229","BC-0229","Back Cover","Oppo A94 5G",4,"gfs"
"MPF-BC-0230","BC-0230","Back Cover","Oppo Reno9",3,"adsw"
"MPF-BC-0231","BC-0231","Back Cover","Oppo A5x 5G",2,"adsf"
"MPF-BC-0232","BC-0232","Back Cover","Oppo A6 Pro (China)",2,"dswf"
"MPF-BC-0233","BC-0233","Back Cover","Oppo A6 Pro",3,"sdef"
"MPF-BC-0234","BC-0234","Back Cover","Oppo Reno7",3,"wdwf"
"MPF-BC-0235","BC-0235","Back Cover","Realme V11 5G",2,"adewd"
"MPF-BC-0236","BC-0236","Back Cover","Realme 9 5G",4,"asswfd"
"MPF-BC-0237","BC-0237","Back Cover","Realme C63 5G",3,"sdeg"
"MPF-BC-0238","BC-0238","Back Cover","Realme 15 (India)",2,"adwsf"
"MPF-BC-0239","BC-0239","Back Cover","Samsung Galaxy Note10+",2,"adwefw"
"MPF-BC-0240","BC-0240","Back Cover","Samsung Galaxy Note10",2,"sdv"
"MPF-BC-0241","BC-0241","Back Cover","Samsung Galaxy Fold 5G",2,"sdeg"
"MPF-BC-0242","BC-0242","Back Cover","Samsung Galaxy S20+",2,"asdeg"
"MPF-BC-0243","BC-0243","Back Cover","Samsung Galaxy A71 5G",4,"zcdsf"
"MPF-BC-0244","BC-0244","Back Cover","Samsung Galaxy Note20 Ultra",2,"sdegf"
"MPF-BC-0245","BC-0245","Back Cover","Samsung Galaxy Note20",2,"wed"
"MPF-BC-0246","BC-0246","Back Cover","Samsung Galaxy S20 FE",5,"adssfws"
"MPF-BC-0247","BC-0247","Back Cover","Samsung Galaxy A06",3,"asfed"
"MPF-BC-0248","BC-0248","Back Cover","Samsung Galaxy F56",2,"segh"
"MPF-BC-0249","BC-0249","Back Cover","Oppo A96 (China)",6,"zcdb"
"MPF-BC-0250","BC-0250","Back Cover","Oppo A6s",3,"dswf"
"MPF-BC-0251","BC-0251","Back Cover","Oppo A6c",11,"asddg"
"MPF-BC-0252","BC-0252","Back Cover","Oppo Reno15 (China)",4,"sfdg"
"MPF-BC-0253","BC-0253","Back Cover","Oppo R7",2,"adewf"
"MPF-BC-0254","BC-0254","Back Cover","Infinix Note 11",2,"ij"
"MPF-BC-0255","BC-0255","Back Cover","Infinix Note 40 Pro",2,"hju"
"MPF-BC-0256","BC-0256","Back Cover","Infinix Hot 60",2,"t87o"
"MPF-BC-0257","BC-0257","Back Cover","Nokia C12",3,"julg"
"MPF-BC-0258","BC-0258","Back Cover","Realme 12 Pro",3,"jb"
"MPF-BC-0259","BC-0259","Back Cover","Realme 2",2,"kug"
"MPF-BC-0260","BC-0260","Back Cover","Oppo A54 5G",4,"ihl"
"MPF-BC-0261","BC-0261","Back Cover","vivo Y100",2,"gu"
"MPF-BC-0262","BC-0262","Back Cover","vivo Y17s",4,"IO"
"MPF-BC-0263","BC-0263","Back Cover","itel Vision 1 Pro",2,"jo"
"MPF-BC-0264","BC-0264","Back Cover","vivo X100",2,"O"
"MPF-BC-0265","BC-0265","Back Cover","Xiaomi Redmi Note 14 5G",3,"KN"
"MPF-BC-0266","BC-0266","Back Cover","Xiaomi Redmi Note 13",5,"GKU"
"MPF-BC-0267","BC-0267","Back Cover","Xiaomi Redmi K50i",5,"iuog"
"MPF-BC-0268","BC-0268","Back Cover","Xiaomi Redmi 10 Prime",5,"ti7"
"MPF-BC-0269","BC-0269","Back Cover","Samsung Galaxy S25+",2,"ihl"
"MPF-BC-0270","BC-0270","Back Cover","Samsung Galaxy M01 Core",2,"r"
"MPF-BC-0271","BC-0271","Back Cover","Samsung Galaxy J7 Pro",3,"yjf"
"MPF-BC-0272","BC-0272","Back Cover","Samsung Galaxy J4+",2,"iuoy"
"MPF-BC-0273","BC-0273","Back Cover","Apple iPhone X",2,"edihl"
"MPF-BC-0274","BC-0274","Back Cover","Apple iPhone 7 Plus",2,"giu"
"MPF-BC-0275","BC-0275","Back Cover","Apple iPhone 7",3,"gy"
"MPF-BC-0276","BC-0276","Back Cover","Apple iPhone 6",2,"gy"
"MPF-BC-0277","BC-0277","Back Cover","Infinix Hot 8",2,"x"
"MPF-BC-0278","BC-0278","Back Cover","Tecno Spark 7 Pro",2,"ugk"
"MPF-BC-0279","BC-0279","Back Cover","Motorola Moto G86",2,"ed"
"MPF-BC-0280","BC-0280","Back Cover","Motorola Moto G05",2,"hyj"
"MPF-BC-0281","BC-0281","Back Cover","Motorola Edge 50 Fusion",4,"yu"
"MPF-BC-0282","BC-0282","Back Cover","Realme C21Y",2,"s"
"MPF-BC-0283","BC-0283","Back Cover","Oppo Reno10",4,"t4rgt"
"MPF-BC-0284","BC-0284","Back Cover","Oppo Reno2 F",3,"s"
"MPF-BC-0285","BC-0285","Back Cover","Oppo F27",3,"w"
"MPF-BC-0286","BC-0286","Back Cover","Oppo F21 Pro 5G",3,"jmn"
"MPF-BC-0287","BC-0287","Back Cover","Oppo A58x",4,"jyf"
"MPF-BC-0288","BC-0288","Back Cover","Oppo A5 5G",3,"3"
"MPF-BC-0289","BC-0289","Back Cover","vivo V27",2,"kln"
"MPF-BC-0290","BC-0290","Back Cover","vivo S1",7,"l"
"MPF-BC-0291","BC-0291","Back Cover","Xiaomi Redmi Note 14 Pro 5G",3,"lo"
"MPF-BC-0292","BC-0292","Back Cover","Xiaomi Redmi Note 12",6,"iu"
"MPF-BC-0293","BC-0293","Back Cover","Samsung Galaxy S25",2,"s"
"MPF-BC-0294","BC-0294","Back Cover","Samsung Galaxy M36",4,"oj"
"MPF-BC-0295","BC-0295","Back Cover","Samsung Galaxy M34 5G",2,"i"
"MPF-BC-0296","BC-0296","Back Cover","Samsung Galaxy A52",3,"gul"
"MPF-BC-0297","BC-0297","Back Cover","Samsung Galaxy A22 5G",3,"HUL"
"MPF-BC-0298","BC-0298","Back Cover","Samsung Galaxy A17",5,"KJ"
"MPF-BC-0299","BC-0299","Back Cover","Samsung Galaxy A16 5G",3,"U"
"MPF-BC-0300","BC-0300","Back Cover","Samsung Galaxy A15 5G",2,"KN"
"MPF-BC-0301","BC-0301","Back Cover","Samsung Galaxy A14 5G",3,"0101"
"MPF-BC-0302","BC-0302","Back Cover","Samsung Galaxy A13",4,"100"
"MPF-BC-0303","BC-0303","Back Cover","Samsung Galaxy F06 5G",2,"93"
"MPF-BC-0304","BC-0304","Back Cover","Samsung Galaxy A05s",3,"92"
"MPF-BC-0305","BC-0305","Back Cover","ZTE Axon 10 Pro",3,"ZTE Axon 10 Pro"
"MPF-BC-0306","BC-0306","Back Cover","ZTE Blade A3 (2019)",2,"ZTE Blade A3"
"MPF-BC-0307","BC-0307","Back Cover","OnePlus 15R",2,"OnePlus 15R"
"MPF-BC-0308","BC-0308","Back Cover","OnePlus 12R",3,"OnePlus 12R"
"MPF-BC-0309","BC-0309","Back Cover","OnePlus Ace 5 Racing",2,"OnePlus Ace 5 Racing"
"MPF-BC-0310","BC-0310","Back Cover","OnePlus 11R",2,"OnePlus 11R"
"MPF-BC-0311","BC-0311","Back Cover","OnePlus Nord CE 3 Lite",2,"OnePlus Nord CE 3 Lite"
"MPF-BC-0312","BC-0312","Back Cover","OnePlus 10T",2,"OnePlus 10T"
"MPF-BC-0313","BC-0313","Back Cover","OnePlus Nord CE4 Lite",2,"OnePlus Nord CE4 Lite"
"MPF-BC-0314","BC-0314","Back Cover","OnePlus 7 Pro",3,"OnePlus 7 Pro"
"MPF-BC-0315","BC-0315","Back Cover","OnePlus 8T",3,"OnePlus 8T"
"MPF-BC-0316","BC-0316","Back Cover","OnePlus 8",3,"OnePlus 8"
"MPF-BC-0317","BC-0317","Back Cover","OnePlus 6T",3,"OnePlus 6T"
"MPF-BC-0318","BC-0318","Back Cover","Asus ROG Phone 6",8,"Asus ROG Phone 6"
"MPF-BC-0319","BC-0319","Back Cover","Asus ROG Phone 5",5,"Asus ROG Phone 5"
"MPF-BC-0320","BC-0320","Back Cover","Asus ROG Phone 8",5,"Asus ROG Phone 8"
"MPF-BC-0321","BC-0321","Back Cover","Asus Zenfone 7",2,"Asus Zenfone 7"
"MPF-BC-0322","BC-0322","Back Cover","Asus ROG Phone 3",2,"Asus ROG Phone 3"
"MPF-BC-0323","BC-0323","Back Cover","Asus Zenfone Max Plus (M2) ZB634KL",2,"Asus Zenfone Max Plus (M2) ZB634KL"
"MPF-BC-0324","BC-0324","Back Cover","Asus ZenFone Live (L1) ZA550KL",2,"Asus ZenFone Live (L1) ZA550KL"
"MPF-BC-0325","BC-0325","Back Cover","Tecno Camon CM",2,"Tecno Camon CM"
"MPF-BC-0326","BC-0326","Back Cover","Tecno Camon 11",2,"Tecno Camon 11"
"MPF-BC-0327","BC-0327","Back Cover","Tecno Spark 4 Lite",2,"Tecno Spark 4 Lite"
"MPF-BC-0328","BC-0328","Back Cover","Tecno Camon 15 Premier",2,"Tecno Camon 15 Premier"
"MPF-BC-0329","BC-0329","Back Cover","Tecno Spark 5 pro",2,"Tecno Spark 5 pro"
"MPF-BC-0330","BC-0330","Back Cover","Tecno Pouvoir 4",3,"Tecno Pouvoir 4"
"MPF-BC-0331","BC-0331","Back Cover","Tecno Camon 16",3,"Tecno Camon 16"
"MPF-BC-0332","BC-0332","Back Cover","Tecno Camon 18 P",4,"Tecno Camon 18 P"
"MPF-BC-0333","BC-0333","Back Cover","Tecno Spark 9T (India)",3,"Tecno Spark 9T (India)"
"MPF-BC-0334","BC-0334","Back Cover","Tecno Phantom X2 Pro",2,"Tecno Phantom X2 Pro"
"MPF-BC-0335","BC-0335","Back Cover","Tecno Camon 20",2,"Tecno Camon 20"
"MPF-BC-0336","BC-0336","Back Cover","Tecno Camon 20s Pro 5G",2,"Tecno Camon 20s Pro 5G"
"MPF-BC-0337","BC-0337","Back Cover","Tecno Spark 30 5G",2,"Tecno Spark 30 5G"
"MPF-BC-0338","BC-0338","Back Cover","Tecno Camon 40 Pro",2,"Tecno Camon 40 Pro"
"MPF-BC-0339","BC-0339","Back Cover","Tecno Spark 40",3,"Tecno Spark 40"
"MPF-BC-0340","BC-0340","Back Cover","Tecno Pova 7 4G",2,"Tecno Pova 7 4G"
"MPF-BC-0341","BC-0341","Back Cover","Tecno Spark 40C",3,"Tecno Spark 40C"
"MPF-BC-0342","BC-0342","Back Cover","Tecno Spark Slim",2,"Tecno Spark Slim"
"MPF-BC-0343","BC-0343","Back Cover","Tecno Camon 50 Pro",4,"Tecno Camon 50 Pro"
"MPF-BC-0344","BC-0344","Back Cover","Lava Blaze Nxt",2,"Lava Blaze Nxt"
"MPF-BC-0345","BC-0345","Back Cover","Lava Z3 Pro",2,"Lava Z3 Pro"
"MPF-BC-0346","BC-0346","Back Cover","Lava O2",2,"Lava O2"
"MPF-BC-0347","BC-0347","Back Cover","Lava Bold 5G",2,"Lava Bold 5G"
"MPF-BC-0348","BC-0348","Back Cover","Lava Bold N1 Pro",2,"Lava Bold N1 Pro"
"MPF-BC-0349","BC-0349","Back Cover","Lava Yuva Star 3",3,"Lava Yuva Star 3"
"MPF-BC-0350","BC-0350","Back Cover","Huawei Mate 20 RS Porsche Design",2,"Huawei Mate 20 RS Porsche Design"
"MPF-BC-0351","BC-0351","Back Cover","Huawei Y7 (2019)",4,"Huawei Y7 (2019)"
"MPF-BC-0352","BC-0352","Back Cover","Huawei nova 5",2,"Huawei nova 5"
"MPF-BC-0353","BC-0353","Back Cover","Huawei P20 lite (2019)",2,"Huawei P20 lite (2019)"
"MPF-BC-0354","BC-0354","Back Cover","Huawei Mate 20 X (5G)",2,"Huawei Mate 20 X (5G)"
"MPF-BC-0355","BC-0355","Back Cover","Huawei nova 5z",2,"Huawei nova 5z"
"MPF-BC-0356","BC-0356","Back Cover","Huawei P smart Pro 2019",2,"Huawei P smart Pro 2019"
"MPF-BC-0357","BC-0357","Back Cover","Huawei P30 lite New Edition",3,"Huawei P30 lite New Edition"
"MPF-BC-0358","BC-0358","Back Cover","Huawei P40 lite",3,"Huawei P40 lite"
"MPF-BC-0359","BC-0359","Back Cover","Huawei P40 lite E",4,"Huawei P40 lite E"
"MPF-BC-0360","BC-0360","Back Cover","Huawei Y6 (2019)",2,"Huawei Y6s (2019)"
"MPF-BC-0361","BC-0361","Back Cover","Huawei Enjoy 9s",2,"Huwave Huawei Enjoy 9s"
"MPF-BC-0362","BC-0362","Back Cover","Huawei P30 Pro New Edition",2,"Huawei P30 Pro New Edition"
"MPF-BC-0363","BC-0363","Back Cover","Huawei Y8p",3,"Huawei Y8p"
"MPF-BC-0364","BC-0364","Back Cover","Huawei Enjoy 20 Pro",2,"Huawei Enjoy 20 Pro"
"MPF-BC-0365","BC-0365","Back Cover","Huawei Y9a",2,"Huawei Y9a"
"MPF-BC-0366","BC-0366","Back Cover","Huawei Mate 30E Pro 5G",5,"Huawei Mate 30E Pro 5G"
"MPF-BC-0367","BC-0367","Back Cover","Huawei Enjoy 20 SE",3,"Huawei Enjoy 20 SE"
"MPF-BC-0368","BC-0368","Back Cover","Huawei P40 4G",4,"Huawei P40 4G"
"MPF-BC-0369","BC-0369","Back Cover","Huawei Mate 40E 4G",3,"Huawei Mate 40E 4G"
"MPF-BC-0370","BC-0370","Back Cover","Huawei Mate 40 Pro 4G",4,"Huawei Mate 40 Pro 4G"
"MPF-BC-0371","BC-0371","Back Cover","Huawei Mate X2 4G",2,"Huawei Mate X2 4G"
"MPF-BC-0372","BC-0372","Back Cover","Huawei nova 8",4,"Huawei nova 8"
"MPF-BC-0373","BC-0373","Back Cover","Huawei Enjoy 20e",3,"Huawei Enjoy 20e"
"MPF-BC-0374","BC-0374","Back Cover","Huawei P50E",3,"Huawei P50E"
"MPF-BC-0375","BC-0375","Back Cover","Huawei nova 10z",2,"Huawei nova 10z"
"MPF-BC-0376","BC-0376","Back Cover","Huawei nova 10 Youth",3,"Huawei nova 10 Youth"
"MPF-BC-0377","BC-0377","Back Cover","Huawei P60 Art",3,"Huawei P60 Art"
"MPF-BC-0378","BC-0378","Back Cover","Huawei nova 11 Pro",2,"Huawei nova 11 Pro"
"MPF-BC-0379","BC-0379","Back Cover","Huawei nova 11i",2,"Huawei nova 11i"
"MPF-BC-0380","BC-0380","Back Cover","Huawei Mate 60 Pro+",2,"Huawei Mate 60 Pro+"
"MPF-BC-0381","BC-0381","Back Cover","Huawei Mate 50E",2,"Huawei Mate 50E"
"MPF-BC-0382","BC-0382","Back Cover","Huawei nova 12 Ultra",3,"Huawei nova 12 Ultra"
"MPF-BC-0383","BC-0383","Back Cover","Huawei nova 12 SE",2,"Huawei nova 12 SE"
"MPF-BC-0384","BC-0384","Back Cover","Huawei nova 12s",3,"Huawei nova 12s"
"MPF-BC-0385","BC-0385","Back Cover","Huawei Pura 70 Pro",3,"Huawei Pura 70 Pro"
"MPF-BC-0386","BC-0386","Back Cover","Huawei Mate 70 Pro",2,"Huawei Mate 70 RS Ultimate"
"MPF-BC-0387","BC-0387","Back Cover","Huawei Enjoy 70X Energy",2,"Huawei Enjoy 70X Energy"
"MPF-BC-0388","BC-0388","Back Cover","Huawei nova Y71",2,"Huawei nova Y71"
"MPF-BC-0389","BC-0389","Back Cover","Huawei Enjoy 70z",2,"Huawei Enjoy 70z"
"MPF-BC-0390","BC-0390","Back Cover","Huawei Nova Y63",4,"Huawei Nova Y63"
"MPF-BC-0391","BC-0391","Back Cover","Huawei Pura 80 Pro",3,"Huawei Pura 80 Pro"
"MPF-BC-0392","BC-0392","Back Cover","Huawei nova 14i",3,"Huawei nova 14i"
"MPF-BC-0393","BC-0393","Back Cover","Huawei Mate 80",4,"Huawei Mate 80"
"MPF-BC-0394","BC-0394","Back Cover","Huawei nova 15 Ultra",2,"Huawei nova 15 Ultra"
"MPF-BC-0395","BC-0395","Back Cover","ZTE nubia RedMagic 3S",2,"ZTE nubia RedMagic 3S"
"MPF-BC-0396","BC-0396","Back Cover","ZTE nubia RedMagic 5G Lite",2,"ZTE nubia RedMagic 5G Lite"
"MPF-BC-0397","BC-0397","Back Cover","ZTE nubia RedMagic 5S",2,"ZTE nubia RedMagic 5S"
"MPF-BC-0398","BC-0398","Back Cover","ZTE Blade V2020 5G",2,"ZTE Blade V2020 5G"
"MPF-BC-0399","BC-0399","Back Cover","ZTE Axon 20 5G Extreme",3,"ZTE Axon 20 5G Extreme"
"MPF-BC-0400","BC-0400","Back Cover","ZTE nubia RedMagic 6s",4,"ZTE nubia RedMagic 6s"
"MPF-BC-0401","BC-0401","Back Cover","ZTE Blade A3 Plus",3,"ZTE Blade A3 Plus"
"MPF-BC-0402","BC-0402","Back Cover","ZTE nubia Z40 Pro",2,"ZTE nubia Z40 Pro"
"MPF-BC-0403","BC-0403","Back Cover","ZTE nubia RedMagic 7S Pro",2,"ZTE nubia RedMagic 7S Pro"
"MPF-BC-0404","BC-0404","Back Cover","ZTE nubia RedMagic 7S",2,"ZTE nubia RedMagic 7S"
"MPF-BC-0405","BC-0405","Back Cover","ZTE Axon 30S",2,"ZTE Axon 30S"
"MPF-BC-0406","BC-0406","Back Cover","ZTE Voyage 40 Pro+",3,"ZTE Voyage 40 Pro+"
"MPF-BC-0407","BC-0407","Back Cover","ZTE Blade V40 Pro",3,"ZTE Blade V40 Pro"
"MPF-BC-0408","BC-0408","Back Cover","itel Zeno 100",2,"itel Zeno 100"
"MPF-BC-0409","BC-0409","Back Cover","ZTE Blade V60 Design",2,"ZTE Blade V60 Design"
"MPF-BC-0410","BC-0410","Back Cover","ZTE nubia RedMagic 8S Pro",4,"ZTE nubia RedMagic 8S Pro"
"MPF-BC-0411","BC-0411","Back Cover","ZTE nubia RedMagic 9S Pro",4,"ZTE nubia RedMagic 9S Pro"
"MPF-BC-0412","BC-0412","Back Cover","ZTE nubia Z60 Ultra Leading",2,"ZTE nubia Z60 Ultra Leading"
"MPF-BC-0413","BC-0413","Back Cover","Honor X50 GT",5,"Honor X50 GT"
"MPF-BC-0414","BC-0414","Back Cover","ZTE nubia Z60S Pro",2,"ZTE nubia Z60S Pro"
"MPF-BC-0415","BC-0415","Back Cover","ZTE Blade A35",3,"ZTE Blade A35"
"MPF-BC-0416","BC-0416","Back Cover","ZTE nubia Z70S Ultra",3,"ZTE nubia Z70S Ultra"
"MPF-BC-0417","BC-0417","Back Cover","ZTE nubia RedMagic 10S Pro",4,"ZTE nubia RedMagic 10S Pro"
"MPF-BC-0418","BC-0418","Back Cover","Oppo Find X3",2,"Oppo Find X3"
"MPF-BC-0419","BC-0419","Back Cover","ZTE nubia Neo 3 GT",4,"ZTE nubia Neo 3 GT"
"MPF-BC-0420","BC-0420","Back Cover","ZTE Blade V80 Pro",3,"ZTE Blade V80 Pro"
"MPF-BC-0421","BC-0421","Back Cover","ZTE nubia RedMagic 11 Pro",3,"ZTE nubia RedMagic 11 Air"
"MPF-BC-0422","BC-0422","Back Cover","Xiaomi Poco C85 4G",2,"Xiaomi Poco C85x"
"MPF-BC-0423","BC-0423","Back Cover","Asus Zenfone 5z ZS620KL",2,"Asus Zenfone 5z ZS620KL"
"MPF-BC-0424","BC-0424","Back Cover","Lenovo Legion Duel 2",2,"Lenovo Legion Duel 2"
"MPF-BC-0425","BC-0425","Back Cover","Lenovo S5 Pro GT",2,"Lenovo S5 Pro GT"
"MPF-BC-0426","BC-0426","Back Cover","Lenovo Z5 Pro GT",2,"Lenovo Z5 Pro GT"
"MPF-BC-0427","BC-0427","Back Cover","Lenovo K10 Note",2,"Lenovo K10 Note"
"MPF-BC-0428","BC-0428","Back Cover","Lenovo Legion Duel",2,"Lenovo Legion Duel"
"MPF-BC-0429","BC-0429","Back Cover","Xiaomi Mi 9 Explorer",2,"Xiaomi Mi 9 Explorer"
"MPF-BC-0430","BC-0430","Back Cover","Lenovo Z6 Pro 5G",2,"Lenovo Z6 Pro 5G"
"MPF-BC-0431","BC-0431","Back Cover","vivo Pad5",4,"vivo Pad5"
"MPF-BC-0432","BC-0432","Back Cover","vivo NEX A",2,"vivo NEX A"
"MPF-BC-0433","BC-0433","Back Cover","vivo X200T",2,"vivo X200T"
"MPF-BC-0434","BC-0434","Back Cover","vivo iQOO 15 Ultra",2,"vivo iQOO 15 Ultra"
"MPF-BC-0435","BC-0435","Back Cover","Xiaomi Poco F8 Pro",2,"Xiaomi Poco F8 Pro"
"MPF-BC-0436","BC-0436","Back Cover","vivo V70",3,"vivo V70"
"MPF-BC-0437","BC-0437","Back Cover","vivo X200 FE",2,"vivo X200 FE"
"MPF-BC-0438","BC-0438","Back Cover","vivo X300 FE",2,"vivo X300 FE"
"MPF-BC-0439","BC-0439","Back Cover","vivo iQOO 15R",2,"vivo iQOO 15R"
"MPF-BC-0440","BC-0440","Back Cover","vivo Y51 Pro",3,"vivo Y51 Pro"
"MPF-BC-0441","BC-0441","Back Cover","vivo T4 Ultra",2,"vivo T4 Ultra"
"MPF-BC-0442","BC-0442","Back Cover","Nothing Phone (3a) Lite",2,"Nothing Phone (3a) Lite"
"MPF-BC-0443","BC-0443","Back Cover","Xiaomi 13 Lite",3,"Xiaomi 13 Lite"
"MPF-BC-0444","BC-0444","Back Cover","vivo V60e",3,"vivo V60e"
"MPF-BC-0445","BC-0445","Back Cover","Oppo Find X3 Lite",4,"Oppo Find X3 Lite"
"MPF-BC-0446","BC-0446","Back Cover","OnePlus 10R",3,"OnePlus 10R"
"MPF-BC-0447","BC-0447","Back Cover","Huawei nova 13i",2,"Huawei nova 13i"
"MPF-BC-0448","BC-0448","Back Cover","Realme GT Neo 3",2,"Realme GT Neo 3"
"MPF-BC-0449","BC-0449","Back Cover","OnePlus 13R",3,"OnePlus 13R"
"MPF-BC-0450","BC-0450","Back Cover","Realme Narzo 60",2,"Realme Narzo 60"
"MPF-BC-0451","BC-0451","Back Cover","Oppo A53 5G",3,"Oppo A53 5G"
"MPF-BC-0452","BC-0452","Back Cover","Realme X7 (India)",2,"Realme X7 (India)"
"MPF-BC-0453","BC-0453","Back Cover","Huawei nova 7 SE 5G Youth",3,"Huawei nova 7 SE 5G Youth"
"MPF-BC-0454","BC-0454","Back Cover","Realme X3",3,"Realme X3"
"MPF-BC-0455","BC-0455","Back Cover","Realme Q2i",2,"Realme Q2i"
"MPF-BC-0456","BC-0456","Back Cover","vivo V19 Neo",3,"vivo V19 Neo"
"MPF-BC-0457","BC-0457","Back Cover","Realme X50 Pro Player",2,"Realme X50 Pro Player"
"MPF-BC-0458","BC-0458","Back Cover","Oppo Reno4 Z 5G",2,"Oppo Reno4 Z 5G"
"MPF-BC-0459","BC-0459","Back Cover","Realme X50 5G",3,"Realme X50 5G"
"MPF-BC-0460","BC-0460","Back Cover","Realme GT Neo 3T",4,"Realme GT Neo 3T"
"MPF-BC-0461","BC-0461","Back Cover","Realme GT3",4,"Realme GT3"
"MPF-BC-0462","BC-0462","Back Cover","Realme 5 Pro",2,"Realme 5 Pro"
"MPF-BC-0463","BC-0463","Back Cover","Realme 12 Lite",2,"Realme 12 Lite"
"MPF-BC-0464","BC-0464","Back Cover","Realme Narzo N63",2,"Realme Narzo N63"
"MPF-BC-0465","BC-0465","Back Cover","Realme GT5",2,"Realme GT5"
"MPF-BC-0466","BC-0466","Back Cover","Motorola Moto G17",4,"Motorola Moto G17"
"MPF-BC-0467","BC-0467","Back Cover","Realme GT 6",4,"Realme GT 6"
"MPF-BC-0468","BC-0468","Back Cover","Realme GT Neo2T",6,"Realme GT Neo2T"
"MPF-BC-0469","BC-0469","Back Cover","Realme GT Explorer Master",3,"Realme GT Explorer Master"
"MPF-BC-0470","BC-0470","Back Cover","Realme Neo7x",2,"Realme Neo7x"
"MPF-BC-0471","BC-0471","Back Cover","Realme GT 7T",3,"Realme GT 7T"
"MPF-BC-0472","BC-0472","Back Cover","Realme 15 Lite",3,"Realme 15 Lite"
"MPF-BC-0473","BC-0473","Back Cover","Realme GT8 (China)",2,"Realme GT8 (China)"
"MPF-BC-0474","BC-0474","Back Cover","Realme Narzo 90X",5,"Realme Narzo 90X"
"MPF-BC-0475","BC-0475","Back Cover","Realme Narzo 90 5G",2,"Realme Narzo 90"
"MPF-BC-0476","BC-0476","Back Cover","Realme P3 Lite 4G",3,"Realme P3 Lite 4G"
"MPF-BC-0477","BC-0477","Back Cover","Realme Narzo 80 Lite",4,"Realme Note 80"
"MPF-BC-0478","BC-0478","Back Cover","Realme Narzo Power",2,"Realme Narzo Power"
"MPF-BC-0479","BC-0479","Back Cover","itel A60s",3,"itel A60s"
"MPF-BC-0480","BC-0480","Back Cover","Huawei Enjoy 20 5G",2,"Huwave Huawei Enjoy 20 5G"
"MPF-BC-0481","BC-0481","Back Cover","Huawei Enjoy 50z",2,"Huwave Huawei Enjoy 50z"
"MPF-BC-0482","BC-0482","Back Cover","Honor X5b",3,"Honor X5b"
"MPF-BC-0483","BC-0483","Back Cover","Infinix Smart 6",2,"Infinix Smart 6"
"MPF-BC-0484","BC-0484","Back Cover","Infinix Hot 30i",2,"Infinix Hot 30i"
"MPF-BC-0485","BC-0485","Back Cover","Xiaomi Redmi 10X 5G",2,"Xiaomi Redmi 10X 5G"
"MPF-BC-0486","BC-0486","Back Cover","vivo Y33e",3,"vivo Y33e"
"MPF-BC-0487","BC-0487","Back Cover","vivo iQOO U6",2,"vivo iQOO U6"
"MPF-BC-0488","BC-0488","Back Cover","Samsung Galaxy A70",2,"Samsung Galaxy A70"
"MPF-BC-0489","BC-0489","Back Cover","Honor Play 40",2,"Honor Play 40"
"MPF-BC-0490","BC-0490","Back Cover","vivo Y74s",3,"vivo Y74s"
"MPF-BC-0491","BC-0491","Back Cover","Realme C33",2,"Realme C33"
"MPF-BC-0492","BC-0492","Back Cover","vivo iQOO U5x",4,"vivo iQOO U5x"
"MPF-BC-0493","BC-0493","Back Cover","Oppo A57e",2,"Oppo A57e"
"MPF-BC-0494","BC-0494","Back Cover","Realme C3",4,"Realme C3"
"MPF-BC-0495","BC-0495","Back Cover","Honor 70 Lite",3,"Honor 70 Lite"
"MPF-BC-0496","BC-0496","Back Cover","vivo iQOO U3",5,"vivo iQOO U3"
"MPF-BC-0497","BC-0497","Back Cover","OnePlus Nord N20 SE",4,"OnePlus Nord N20 SE"
"MPF-BC-0498","BC-0498","Back Cover","Samsung Galaxy A23",2,"Samsung Galaxy A23"
"MPF-BC-0499","BC-0499","Back Cover","Xiaomi Redmi 11 Prime 5G",3,"Xiaomi Redmi 11 Prime 5G"
"MPF-BC-0500","BC-0500","Back Cover","Xiaomi Poco M4 5G",2,"Xiaomi Poco M4 5G"
"MPF-BC-0501","BC-0501","Back Cover","vivo iQOO Z6x",3,"vivo iQOO Z5 (2022)"
"MPF-BC-0502","BC-0502","Back Cover","Xiaomi Redmi 8A",3,"Redmi 8"
"MPF-BC-0503","BC-0503","Back Cover","Oppo A76",2,"Realme 9i 4G"
"MPF-BC-0504","BC-0504","Back Cover","Realme C12",8,"Realme C12"
"MPF-BC-0505","BC-0505","Back Cover","Realme 8",2,"Realme 8 4G"
"MPF-BC-0506","BC-0506","Back Cover","Realme C30",2,"Realme C30"
"MPF-BC-0507","BC-0507","Back Cover","Realme C53",9,"Realme C53 4G"
"MPF-BC-0508","BC-0508","Back Cover","Realme 7i",2,"Realme 7i"
"MPF-BC-0509","BC-0509","Back Cover","Realme 8i",2,"Realme 8i"
"MPF-BC-0510","BC-0510","Back Cover","Realme 9 Pro+",3,"Realme 9 Pro Plus"
"MPF-BC-0511","BC-0511","Back Cover","Realme 6",4,"Realme 6"
"MPF-BC-0512","BC-0512","Back Cover","Realme X2",3,"Realme X2"
"MPF-BC-0513","BC-0513","Back Cover","OnePlus Nord CE 2 5G",3,"OnePlus Nord CE 2"
"MPF-BC-0514","BC-0514","Back Cover","Oppo F15",3,"Oppo F15"
"MPF-BC-0515","BC-0515","Back Cover","Oppo A31",2,"Oppo A31"
"MPF-BC-0516","BC-0516","Back Cover","Oppo A16K",2,"Oppo A16K"
"MPF-BC-0517","BC-0517","Back Cover","Realme C2",3,"Realme C2"
"MPF-BC-0518","BC-0518","Back Cover","Oppo A3 Pro",3,"Oppo A3 Pro"
"MPF-BC-0519","BC-0519","Back Cover","Oppo F17 Pro",3,"Oppo F17"
"MPF-BC-0520","BC-0520","Back Cover","Oppo A53",3,"Oppo A53 2020"
"MPF-BC-0521","BC-0521","Back Cover","Oppo F11",3,"Oppo F11"
"MPF-BC-0522","BC-0522","Back Cover","vivo Z1 Pro",3,"Vivo Z1 Pro"
"MPF-BC-0523","BC-0523","Back Cover","vivo V5",2,"Vivo V5"
"MPF-BC-0524","BC-0524","Back Cover","vivo V40e",2,"Vivo V40E"
"MPF-BC-0525","BC-0525","Back Cover","Tecno Spark 7",2,"tecno spark 7"
"MPF-BC-0526","BC-0526","Back Cover","Tecno Spark Go 2022",2,"tecno spark go 2022"
"MPF-BC-0527","BC-0527","Back Cover","Tecno Spark Go 2023",2,"tecno spark go 2023"
"MPF-BC-0528","BC-0528","Back Cover","Tecno Spark Go 2020",3,"tecno spark go 2020"
"MPF-BC-0529","BC-0529","Back Cover","Tecno Pova 5",2,"tecno pova 5"
"MPF-BC-0530","BC-0530","Back Cover","Tecno Spark 10",2,"tecno spark 10"
"MPF-BC-0531","BC-0531","Back Cover","Infinix Hot 50i",3,"infinix hot 50i"
"MPF-BC-0532","BC-0532","Back Cover","vivo Y35",4,"vivo y35"
"MPF-BC-0533","BC-0533","Back Cover","Oppo A16",3,"oppo A16"
"MPF-BC-0534","BC-0534","Back Cover","Oppo A79",2,"oppo A79"
"MPF-BC-0535","BC-0535","Back Cover","vivo Y32",4,"vivo y32"
"MPF-BC-0536","BC-0536","Back Cover","Tecno Spark Go 2024",7,"tecno go 2024"
"MPF-BC-0537","BC-0537","Back Cover","Realme P1",6,"realme p1"
"MPF-BC-0538","BC-0538","Back Cover","Realme 14 Pro",2,"realme 14 pro+"
"MPF-BC-0539","BC-0539","Back Cover","Xiaomi Redmi Note 15",4,"hjjhjh"
"MPF-BC-0540","BC-0540","Back Cover","Oppo F9 (F9 Pro)",9,"gjsfghj"
"MPF-BC-0541","BC-0541","Back Cover","Oppo F19",5,"yukfg"
"MPF-BC-0542","BC-0542","Back Cover","Oppo K10 5G",7,"dkjh"
"MPF-BC-0543","BC-0543","Back Cover","Oppo A15",3,"xgjxfgj"
"MPF-BC-0544","BC-0544","Back Cover","Realme 5",5,"sjfg"
"MPF-BC-0545","BC-0545","Back Cover","Realme C20",3,"ssryhh"
"MPF-BC-0546","BC-0546","Back Cover","Realme C1",4,"ddrhdh"
"MPF-BC-0547","BC-0547","Back Cover","Realme X7",4,"dgg"
"MPF-BC-0548","BC-0548","Back Cover","Oppo A52",3,"fghfsgjh"
"MPF-BC-0549","BC-0549","Back Cover","Realme 3",2,"fgjgjf"
"MPF-BC-0550","BC-0550","Back Cover","Realme 11 Pro",3,"dgfh"
"MPF-BC-0551","BC-0551","Back Cover","Realme 8 5G",6,"dfhgh"
"MPF-BC-0552","BC-0552","Back Cover","Realme 7",4,"xfghfgj"
"MPF-BC-0553","BC-0553","Back Cover","Realme 9i 5G",3,"fhdgh"
"MPF-BC-0554","BC-0554","Back Cover","Oppo A5 Pro 4G",3,"dgdsg"
"MPF-BC-0555","BC-0555","Back Cover","Realme X2 Pro",2,"fhfj"
"MPF-BC-0556","BC-0556","Back Cover","Realme C61 (India)",4,"dffsg"
"MPF-BC-0557","BC-0557","Back Cover","Realme C55",2,"SDgsg"
"MPF-BC-0558","BC-0558","Back Cover","Realme C73",8,"dsfsdg"
"MPF-BC-0559","BC-0559","Back Cover","Realme P3x",2,"DGSDG"
"MPF-BC-0560","BC-0560","Back Cover","Realme 12",7,"sfgf"
"MPF-BC-0561","BC-0561","Back Cover","Realme 13 Pro",4,"dhjjghdj"
"MPF-BC-0562","BC-0562","Back Cover","Realme 11",5,"fghsfg"
"MPF-BC-0563","BC-0563","Back Cover","Oppo A3 4G",5,"ahyert"
"MPF-BC-0564","BC-0564","Back Cover","Oppo A5 (2020)",3,"fgfg"
"MPF-BC-0565","BC-0565","Back Cover","Oppo A18",2,"fghfgh"
"MPF-BC-0566","BC-0566","Back Cover","Oppo F27 Pro",3,"ghzgh"
"MPF-BC-0567","BC-0567","Back Cover","OnePlus 13T",2,"fghgh"
"MPF-BC-0568","BC-0568","Back Cover","Samsung Galaxy A22",4,"hjkhjk"
"MPF-BC-0569","BC-0569","Back Cover","Samsung Galaxy A20",3,"sdgg"
"MPF-BC-0570","BC-0570","Back Cover","Samsung Galaxy A04",8,"ghgh"
"MPF-BC-0571","BC-0571","Back Cover","Samsung Galaxy A30s",3,"ghh"
"MPF-BC-0572","BC-0572","Back Cover","Samsung Galaxy A02s",4,"fghhg"
"MPF-BC-0573","BC-0573","Back Cover","Samsung Galaxy A12",7,"srjyj"
"MPF-BC-0574","BC-0574","Back Cover","Samsung Galaxy F62",2,"gfdjh"
"MPF-BC-0575","BC-0575","Back Cover","Samsung Galaxy A02",2,"dhyt"
"MPF-BC-0576","BC-0576","Back Cover","Samsung Galaxy F55",4,"ujfhh"
"MPF-BC-0577","BC-0577","Back Cover","Samsung Galaxy A04s",2,"xfghdzfh"
"MPF-BC-0578","BC-0578","Back Cover","Samsung Galaxy A11",2,"ssfafs"
"MPF-BC-0579","BC-0579","Back Cover","Samsung Galaxy M30s",2,"cghjgh"
"MPF-BC-0580","BC-0580","Back Cover","Samsung Galaxy A10s",2,"fxfgj"
"MPF-BC-0581","BC-0581","Back Cover","Samsung Galaxy A01",2,"sdgsg"
"MPF-BC-0582","BC-0582","Back Cover","Samsung Galaxy A07 4G",6,"SDgsdg"
"MPF-BC-0583","BC-0583","Back Cover","Samsung Galaxy A36",3,"fllll"
"MPF-BC-0584","BC-0584","Back Cover","Samsung Galaxy A42 5G",2,"ghjghk"
"MPF-BC-0585","BC-0585","Back Cover","Samsung Galaxy A35",2,"kghkghk"
"MPF-BC-0586","BC-0586","Back Cover","Samsung Galaxy M54",2,"sdgdh"
"MPF-BC-0587","BC-0587","Back Cover","Samsung Galaxy M31",4,"dfhdt"
"MPF-BC-0588","BC-0588","Back Cover","Samsung Galaxy A60",2,"fhh"
"MPF-BC-0589","BC-0589","Back Cover","Xiaomi Redmi K40",7,"jkjk;kj"
"MPF-BC-0590","BC-0590","Back Cover","Xiaomi Redmi Note 10 5G",2,"dffh"
"MPF-BC-0591","BC-0591","Back Cover","Xiaomi Redmi Note 9 Pro Max",3,"dghdgk"
"MPF-BC-0592","BC-0592","Back Cover","Xiaomi Redmi A3",3,"sdgsg"
"MPF-BC-0593","BC-0593","Back Cover","Xiaomi Redmi Note 11 Pro 5G",4,"sdg"
"MPF-BC-0594","BC-0594","Back Cover","Xiaomi Redmi Note 11 Pro (China)",2,"ghkg"
"MPF-BC-0595","BC-0595","Back Cover","Xiaomi Redmi Note 10 Pro (India)",3,"dgfh"
"MPF-BC-0596","BC-0596","Back Cover","Xiaomi Redmi 7",5,"xfhjfhj"
"MPF-BC-0597","BC-0597","Back Cover","Xiaomi Redmi 12C",2,"hghk"
"MPF-BC-0598","BC-0598","Back Cover","Xiaomi Redmi 9C",6,"dsgsdg"
"MPF-BC-0599","BC-0599","Back Cover","Xiaomi Poco C71",2,"hgghk"
"MPF-BC-0600","BC-0600","Back Cover","Xiaomi Redmi A1",4,"ghsfgj"
"MPF-BC-0601","BC-0601","Back Cover","Xiaomi Redmi A1+",2,"ghkuk"
"MPF-BC-0602","BC-0602","Back Cover","Xiaomi Redmi 13R",2,"fgjhfj"
"MPF-BC-0603","BC-0603","Back Cover","Xiaomi Redmi 9A",5,"dfhsgjh"
"MPF-BC-0604","BC-0604","Back Cover","Xiaomi Redmi Note 10",3,"vxhjhj"
"MPF-BC-0605","BC-0605","Back Cover","Xiaomi Redmi 9 Prime",3,"zdggj"
"MPF-BC-0606","BC-0606","Back Cover","Xiaomi Redmi K20",5,"sfhfh"
"MPF-BC-0607","BC-0607","Back Cover","Xiaomi Redmi 10C",3,"dfhdhf"
"MPF-BC-0608","BC-0608","Back Cover","Xiaomi Poco X6",2,"dkjkjkjl"
"MPF-BC-0609","BC-0609","Back Cover","Xiaomi Poco C65",2,"ghjk"
"MPF-BC-0610","BC-0610","Back Cover","Xiaomi Redmi A4",9,"ghjgh"
"MPF-BC-0611","BC-0611","Back Cover","Xiaomi Redmi 13",6,"gfhgfj"
"MPF-BC-0612","BC-0612","Back Cover","Xiaomi Redmi 12 5G",3,"hgfjhj"
"MPF-BC-0613","BC-0613","Back Cover","Xiaomi Mi 10T 5G",3,"dghg"
"MPF-BC-0614","BC-0614","Back Cover","Xiaomi Poco X2",5,"fgjxhj"
"MPF-BC-0615","BC-0615","Back Cover","Xiaomi Poco X3",3,"nbmbm"
"MPF-BC-0616","BC-0616","Back Cover","vivo Y31 Pro",4,"ghjgk"
"MPF-BC-0617","BC-0617","Back Cover","vivo V50",4,"fghfgj"
"MPF-BC-0618","BC-0618","Back Cover","vivo Y04",8,"FJHK"
"MPF-BC-0619","BC-0619","Back Cover","vivo Y19s 4G",3,"FYKKI"
"MPF-BC-0620","BC-0620","Back Cover","vivo T4",4,"FGHF"
"MPF-BC-0621","BC-0621","Back Cover","vivo Y39",2,"HJJHJH"
"MPF-BC-0622","BC-0622","Back Cover","vivo Y02",4,"FYUU"
"MPF-BC-0623","BC-0623","Back Cover","vivo Y12",5,"DFDH"
"MPF-BC-0624","BC-0624","Back Cover","vivo Y11 (2019)",2,"GHJHJ"
"MPF-BC-0625","BC-0625","Back Cover","vivo Y16",3,"DFGFDG"
"MPF-BC-0626","BC-0626","Back Cover","vivo Y03",11,"HJJHD"
"MPF-BC-0627","BC-0627","Back Cover","vivo Y20",17,"RYHDFH"
"MPF-BC-0628","BC-0628","Back Cover","vivo Y21a",8,"DFFHRTU"
"MPF-BC-0629","BC-0629","Back Cover","vivo Y300",5,"XFGDFH"
"MPF-BC-0630","BC-0630","Back Cover","vivo Y200 Pro",3,"zdfgSG"
"MPF-BC-0631","BC-0631","Back Cover","vivo Y30",2,"dsgay"
"MPF-BC-0632","BC-0632","Back Cover","vivo Y31 (2021)",4,"gdjhdgj"
"MPF-BC-0633","BC-0633","Back Cover","vivo Y38",5,"dfhdh"
"MPF-BC-0634","BC-0634","Back Cover","vivo V40",3,"fdhytsu"
"MPF-BC-0635","BC-0635","Back Cover","vivo T3",8,"dfhtrh"
"MPF-BC-0636","BC-0636","Back Cover","vivo S10e",4,"Sdgh"
"MPF-BC-0637","BC-0637","Back Cover","vivo V20",2,"sfhdfh"
"MPF-BC-0638","BC-0638","Back Cover","vivo Y70",2,"fdhdt"
"MPF-BC-0639","BC-0639","Back Cover","vivo iQOO Neo 6",4,"fgjsj"
"MPF-BC-0640","BC-0640","Back Cover","vivo iQOO Neo5 S",2,"fhdfgh"
"MPF-BC-0641","BC-0641","Back Cover","vivo Y73s",2,"fdhzdgj"
"MPF-BC-0642","BC-0642","Back Cover","vivo V25",3,"dttju"
"MPF-BC-0643","BC-0643","Back Cover","vivo V21",3,"dgsg"
"MPF-BC-0644","BC-0644","Back Cover","vivo T1 Pro",4,"sdhf"
"MPF-BC-0645","BC-0645","Back Cover","vivo iQOO 7 (India)",2,"fhrh"
"MPF-BC-0646","BC-0646","Back Cover","vivo Y75 5G",5,"dfhdtjh"
"MPF-BC-0647","BC-0647","Back Cover","vivo Y36 (India)",2,"dgjjj"
"MPF-BC-0648","BC-0648","Back Cover","vivo Y78t",5,"dshar"
"MPF-BC-0649","BC-0649","Back Cover","vivo Y200 (India)",2,"sdgSFH"
"MPF-BC-0650","BC-0650","Back Cover","vivo iQOO Neo 7",5,"dgFSh"
"MPF-BC-0651","BC-0651","Back Cover","vivo iQOO 10",2,"fhteh"
"MPF-BC-0652","BC-0652","Back Cover","vivo iQOO Neo8",2,"dgSFHg"
"MPF-BC-0653","BC-0653","Back Cover","vivo Y200 GT",4,"gjzfgj"
"MPF-BC-0654","BC-0654","Back Cover","vivo iQOO Neo9",5,"gjfhgj"
"MPF-BC-0655","BC-0655","Back Cover","vivo X60s",2,"zdgjtgj"
"MPF-BC-0656","BC-0656","Back Cover","vivo X60 Pro+",2,"dgfsh"
"MPF-BC-0657","BC-0657","Back Cover","vivo Y78",3,"aeht"
"MPF-BC-0658","BC-0658","Back Cover","vivo T2 Pro",3,"dfhd"
"MPF-BC-0659","BC-0659","Back Cover","vivo V30",4,"fdsghtf"
"MPF-BC-0660","BC-0660","Back Cover","vivo V29",3,"fghftj"
"MPF-BC-0661","BC-0661","Back Cover","vivo Y91",7,"gfhh"
"MPF-BC-0662","BC-0662","Back Cover","vivo Y77",4,"dghgd"
"MPF-BC-0663","BC-0663","Back Cover","vivo Y72 5G",7,"sfdgfs"
"MPF-BC-0664","BC-0664","Back Cover","vivo Y90",3,"gjhkj"
"MPF-BC-0665","BC-0665","Back Cover","vivo Y19 (2019)",5,"dfhdf"
"MPF-BC-0666","BC-0666","Back Cover","vivo V9",8,"xfhf"
"MPF-BC-0667","BC-0667","Back Cover","Motorola Edge 60",3,"dfh"
"MPF-BC-0668","BC-0668","Back Cover","Motorola P30",2,"fhFH"
"MPF-BC-0669","BC-0669","Back Cover","Motorola Moto G7",2,"fvdsag"
"MPF-BC-0670","BC-0670","Back Cover","Motorola Moto G9 Play",2,"ghk"
"MPF-BC-0671","BC-0671","Back Cover","Motorola One Macro",3,"sfgFSh"
"MPF-BC-0672","BC-0672","Back Cover","Motorola Moto G10",5,"dfhdf"
"MPF-BC-0673","BC-0673","Back Cover","Motorola Moto E22",2,"dfhfd"
"MPF-BC-0674","BC-0674","Back Cover","Motorola Moto E7",4,"dgjg"
"MPF-BC-0675","BC-0675","Back Cover","Motorola Moto E7 Power",3,"dhdgh"
"MPF-BC-0676","BC-0676","Back Cover","Motorola Moto G8 Power",3,"fhjgh"
"MPF-BC-0677","BC-0677","Back Cover","Motorola Moto G9 Power",2,"hdadtjh"
"MPF-BC-0678","BC-0678","Back Cover","Motorola Moto G9 Plus",2,"dhuiu"
"MPF-BC-0679","BC-0679","Back Cover","Motorola Edge S",2,"sDGHFSH"
"MPF-BC-0680","BC-0680","Back Cover","Motorola One 5G",3,"sGHSh"
"MPF-BC-0681","BC-0681","Back Cover","Motorola Moto G13",2,"fghFH"
"MPF-BC-0682","BC-0682","Back Cover","Motorola Moto G04",4,"fgujy"
"MPF-BC-0683","BC-0683","Back Cover","Motorola Moto G24",2,"fyh"
"MPF-BC-0684","BC-0684","Back Cover","Motorola Moto G53",3,"hjfgj"
"MPF-BC-0685","BC-0685","Back Cover","Motorola Moto G34",2,"dtyu"
"MPF-BC-0686","BC-0686","Back Cover","Motorola Moto E30",3,"dfh"
"MPF-BC-0687","BC-0687","Back Cover","Motorola Moto E32",2,"dgzj"
"MPF-BC-0688","BC-0688","Back Cover","Motorola Moto E32 (India)",2,"dgjz"
"MPF-BC-0689","BC-0689","Back Cover","Motorola Moto G Power (2022)",2,"gfjzfj"
"MPF-BC-0690","BC-0690","Back Cover","Motorola Moto G62 5G",2,"zdghd"
"MPF-BC-0691","BC-0691","Back Cover","Motorola Moto G54",3,"haet"
"MPF-BC-0692","BC-0692","Back Cover","Motorola Moto G 5G",3,"dyaerty"
"MPF-BC-0693","BC-0693","Back Cover","Motorola Moto G Stylus (2022)",2,"fdh"
"MPF-BC-0694","BC-0694","Back Cover","Motorola Moto G60",2,"ztjtdj"
"MPF-BC-0695","BC-0695","Back Cover","Motorola Moto G200 5G",2,"sghH"
"MPF-BC-0696","BC-0696","Back Cover","Motorola Edge (2021)",2,"dthth"
"MPF-BC-0697","BC-0697","Back Cover","Motorola Moto G31",3,"arhyery"
"MPF-BC-0698","BC-0698","Back Cover","Motorola Moto G52",3,"sfgS"
"MPF-BC-0699","BC-0699","Back Cover","Motorola Moto S50",3,"dsgS"
"MPF-BC-0700","BC-0700","Back Cover","Motorola Edge 20 Fusion",2,"dfhdf"
"MPF-BC-0701","BC-0701","Back Cover","Motorola Edge X30",3,"dfhdfh"
"MPF-BC-0702","BC-0702","Back Cover","Motorola Moto S30 Pro",2,"srhgr"
"MPF-BC-0703","BC-0703","Back Cover","Motorola Moto X40",3,"sfhdfh"
"MPF-BC-0704","BC-0704","Back Cover","Motorola Moto X30 Pro",2,"gfjhsfgj"
"MPF-BC-0705","BC-0705","Back Cover","Infinix Smart 8",5,"gf"
"MPF-BC-0706","BC-0706","Back Cover","Infinix Smart 7",2,"67"
"MPF-BC-0707","BC-0707","Back Cover","Infinix Hot 10 Play",3,"5"
"MPF-BC-0708","BC-0708","Back Cover","Samsung Galaxy F13",4,"3"
"MPF-BC-0709","BC-0709","Back Cover","Samsung Galaxy F15",2,"01"
"MPF-CD-0001","CD-0001","Combo/Display","Lenovo A889",2,"1"
"MPF-CD-0002","CD-0002","Combo/Display","Lenovo A850+",2,"1"
"MPF-CD-0003","CD-0003","Combo/Display","Lenovo S856",5,"1"
"MPF-CD-0004","CD-0004","Combo/Display","Lenovo S60",4,"11"
"MPF-CD-0005","CD-0005","Combo/Display","Lenovo P70",3,"1"
"MPF-CD-0006","CD-0006","Combo/Display","Lenovo A536",5,"1"
"MPF-CD-0007","CD-0007","Combo/Display","Lenovo K6",3,"1"
"MPF-CD-0008","CD-0008","Combo/Display","Lenovo A616",2,"1"
"MPF-CD-0009","CD-0009","Combo/Display","Tecno Pop 1",2,"1"
"MPF-CD-0010","CD-0010","Combo/Display","Tecno Pop 6 Go",3,"1"
"MPF-CD-0011","CD-0011","Combo/Display","Tecno Pop 5c",2,"1"
"MPF-CD-0012","CD-0012","Combo/Display","Tecno Pop 6",2,"1"
"MPF-CD-0013","CD-0013","Combo/Display","Realme V20",3,"1"
"MPF-CD-0014","CD-0014","Combo/Display","Oppo K5",2,"1"
"MPF-CD-0015","CD-0015","Combo/Display","Oppo F1",3,"1"
"MPF-CD-0016","CD-0016","Combo/Display","vivo S30",2,"1"
"MPF-CD-0017","CD-0017","Combo/Display","vivo V3",3,"1"
"MPF-CD-0018","CD-0018","Combo/Display","vivo S9",2,"1"
"MPF-CD-0019","CD-0019","Combo/Display","Motorola DROID RAZR HD",2,"1"
"MPF-CD-0020","CD-0020","Combo/Display","Motorola RAZR i XT890",3,"1"
"MPF-CD-0021","CD-0021","Combo/Display","Motorola Moto M",6,"1"
"MPF-CD-0022","CD-0022","Combo/Display","Motorola Moto G37",2,"1"
"MPF-CD-0023","CD-0023","Combo/Display","Motorola Edge 70 Pro",2,"1"
"MPF-CD-0024","CD-0024","Combo/Display","Motorola Razr 70 Ultra",2,"1"
"MPF-CD-0025","CD-0025","Combo/Display","Motorola Razr 70+",2,"1"
"MPF-CD-0026","CD-0026","Combo/Display","Xiaomi Poco C71",2,"1"
"MPF-CD-0027","CD-0027","Combo/Display","vivo Y53",2,"1"
"MPF-CD-0028","CD-0028","Combo/Display","vivo Y65",3,"1"
"MPF-CD-0029","CD-0029","Combo/Display","vivo T5 Pro",3,"1"
"MPF-CD-0030","CD-0030","Combo/Display","Oppo Reno6 5G",2,"1"
"MPF-CD-0031","CD-0031","Combo/Display","Oppo A6s Pro (China)",2,"1"
"MPF-CD-0032","CD-0032","Combo/Display","Oppo Find X9",2,"1"
"MPF-CD-0033","CD-0033","Combo/Display","Oppo F25 Pro",3,"1"
"MPF-CD-0034","CD-0034","Combo/Display","Realme 16T 5G",2,"1"
"MPF-CD-0035","CD-0035","Combo/Display","Realme C100 4G",4,"1"
"MPF-CD-0036","CD-0036","Combo/Display","Realme C83",3,"1"
"MPF-CD-0037","CD-0037","Combo/Display","Samsung Galaxy A32",2,"1"
"MPF-CD-0038","CD-0038","Combo/Display","Tecno Spark 9",3,"1"
"MPF-CD-0039","CD-0039","Combo/Display","Tecno Spark 30",2,"1"
"MPF-CD-0040","CD-0040","Combo/Display","Infinix Hot 50 4G",11,"1"
"MPF-CD-0041","CD-0041","Combo/Display","Oppo A77 (2017)",2,"1"
"MPF-CD-0042","CD-0042","Combo/Display","Realme 7 Pro",3,"1"
"MPF-CD-0043","CD-0043","Combo/Display","OnePlus 9RT 5G",3,"1"
"MPF-CD-0044","CD-0044","Combo/Display","Infinix Note 30 5G",5,"1"
"MPF-CD-0045","CD-0045","Combo/Display","Infinix Hot 11s",2,"1"
"MPF-CD-0046","CD-0046","Combo/Display","vivo Y55L (vivo 1603)",2,"1"
"MPF-CD-0047","CD-0047","Combo/Display","Lenovo Z5 Pro",2,"1"
"MPF-CD-0048","CD-0048","Combo/Display","Oppo Reno5 4G",2,"1"
"MPF-CD-0049","CD-0049","Combo/Display","vivo V25",3,"1"
"MPF-CD-0050","CD-0050","Combo/Display","Oppo K10 Energy",2,"1"
"MPF-CD-0051","CD-0051","Combo/Display","Honor 600 Lite",2,"1"
"MPF-CD-0052","CD-0052","Combo/Display","itel S23",2,"1"
"MPF-CD-0053","CD-0053","Combo/Display","Infinix Hot 9",4,"1"
"MPF-CD-0054","CD-0054","Combo/Display","vivo S18e",6,"1"
"MPF-CD-0055","CD-0055","Combo/Display","vivo Y21d",2,"1"
"MPF-CD-0056","CD-0056","Combo/Display","Oppo Reno11 (China)",2,"1"
"MPF-CD-0057","CD-0057","Combo/Display","OnePlus Nord CE4",3,"1"
"MPF-CD-0058","CD-0058","Combo/Display","Xiaomi Poco C40",2,"1"
"MPF-CD-0059","CD-0059","Combo/Display","Xiaomi Poco C55",2,"1"
"MPF-CD-0060","CD-0060","Combo/Display","OnePlus Nord CE 3 Lite",2,"1"
"MPF-CD-0061","CD-0061","Combo/Display","vivo iQOO Z10x",4,"1"
"MPF-CD-0062","CD-0062","Combo/Display","OnePlus Ace 5 Racing",2,"1"
"MPF-CD-0063","CD-0063","Combo/Display","Huawei Enjoy 70X",2,"1"
"MPF-CD-0064","CD-0064","Combo/Display","vivo V29e (India)",4,"1"
"MPF-CD-0065","CD-0065","Combo/Display","vivo V30e",2,"1"
"MPF-CD-0066","CD-0066","Combo/Display","Infinix Hot 12 Play NFC",7,"1"
"MPF-CD-0067","CD-0067","Combo/Display","Tecno Spark 40",7,"1"
"MPF-CD-0068","CD-0068","Combo/Display","Infinix Hot 60i",3,"1"
"MPF-CD-0069","CD-0069","Combo/Display","Samsung Galaxy A01 Core",2,"1"
"MPF-CD-0070","CD-0070","Combo/Display","Asus Zenfone 5 ZE620KL",3,"1"
"MPF-CD-0071","CD-0071","Combo/Display","Samsung Galaxy S20",2,"1"
"MPF-CD-0072","CD-0072","Combo/Display","vivo V21e",2,"1"
"MPF-CD-0073","CD-0073","Combo/Display","vivo V20 SE",2,"1"
"MPF-CD-0074","CD-0074","Combo/Display","vivo S7e",2,"1"
"MPF-CD-0075","CD-0075","Combo/Display","vivo V20",2,"1"
"MPF-CD-0076","CD-0076","Combo/Display","Xiaomi Redmi 9AT",2,"1"
"MPF-CD-0077","CD-0077","Combo/Display","vivo X60 Pro+",2,"1"
"MPF-CD-0078","CD-0078","Combo/Display","Infinix Hot 30i",2,"1"
"MPF-CD-0079","CD-0079","Combo/Display","vivo Y74s",3,"1"
"MPF-CD-0080","CD-0080","Combo/Display","vivo Y33",2,"1"
"MPF-CD-0081","CD-0081","Combo/Display","vivo Y55 5G",3,"1"
"MPF-CD-0082","CD-0082","Combo/Display","vivo T1 5G",7,"1"
"MPF-CD-0083","CD-0083","Combo/Display","vivo iQOO U3",5,"1"
"MPF-CD-0084","CD-0084","Combo/Display","vivo T2x (India)",2,"1"
"MPF-CD-0085","CD-0085","Combo/Display","vivo T1x (India)",6,"1"
"MPF-CD-0086","CD-0086","Combo/Display","vivo S50",5,"1"
"MPF-CD-0087","CD-0087","Combo/Display","Oppo Reno13",2,"1"
"MPF-CD-0088","CD-0088","Combo/Display","OnePlus Ace Racing",2,"1"
"MPF-CD-0089","CD-0089","Combo/Display","itel A70",2,"1"
"MPF-CD-0090","CD-0090","Combo/Display","Asus ROG Phone 3",2,"1"
"MPF-CD-0091","CD-0091","Combo/Display","Tecno Camon 15 Premier",2,"1"
"MPF-CD-0092","CD-0092","Combo/Display","Realme 8i",2,"1"
"MPF-CD-0093","CD-0093","Combo/Display","Tecno Spark 8P",2,"1"
"MPF-CD-0094","CD-0094","Combo/Display","Tecno Camon 15 Air",3,"1"
"MPF-CD-0095","CD-0095","Combo/Display","Infinix Hot 12i",2,"1"
"MPF-CD-0096","CD-0096","Combo/Display","Tecno Spark 5",2,"1"
"MPF-CD-0097","CD-0097","Combo/Display","Samsung Galaxy F14",2,"1"
"MPF-CD-0098","CD-0098","Combo/Display","Infinix Smart 6",2,"1"
"MPF-CD-0099","CD-0099","Combo/Display","Samsung Galaxy A14 5G",2,"1"
"MPF-CD-0100","CD-0100","Combo/Display","Huawei Mate 30",2,"1"
"MPF-CD-0101","CD-0101","Combo/Display","vivo S16e",3,"1"
"MPF-CD-0102","CD-0102","Combo/Display","vivo iQOO 7 (India)",2,"1"
"MPF-CD-0103","CD-0103","Combo/Display","vivo iQOO 9 SE",2,"1"
"MPF-CD-0104","CD-0104","Combo/Display","vivo iQOO Neo 6",4,"1"
"MPF-CD-0105","CD-0105","Combo/Display","Lenovo Legion Duel",2,"1"
"MPF-CD-0106","CD-0106","Combo/Display","vivo X200s",2,"1"
"MPF-CD-0107","CD-0107","Combo/Display","vivo S20 Pro",2,"1"
"MPF-CD-0108","CD-0108","Combo/Display","Huawei P60",3,"1"
"MPF-CD-0109","CD-0109","Combo/Display","Motorola Edge 60",2,"1"
"MPF-CD-0110","CD-0110","Combo/Display","Oppo Reno13 F",2,"1"
"MPF-CD-0111","CD-0111","Combo/Display","Honor 80 Pro Flat",3,"1"
"MPF-CD-0112","CD-0112","Combo/Display","Xiaomi Poco X7",2,"1"
"MPF-CD-0113","CD-0113","Combo/Display","Huawei nova 10 SE",3,"1"
"MPF-CD-0114","CD-0114","Combo/Display","Infinix GT 10 Pro",4,"1"
"MPF-CD-0115","CD-0115","Combo/Display","Xiaomi 12T",3,"1"
"MPF-CD-0116","CD-0116","Combo/Display","vivo Y300",5,"1"
"MPF-CD-0117","CD-0117","Combo/Display","Lava Blaze Amoled 2",3,"1"
"MPF-CD-0118","CD-0118","Combo/Display","Infinix Zero X",2,"1"
"MPF-CD-0119","CD-0119","Combo/Display","Xiaomi Poco X4 Pro 5G",6,"1"
"MPF-CD-0120","CD-0120","Combo/Display","vivo iQOO Neo5 SE",3,"1"
"MPF-CD-0121","CD-0121","Combo/Display","Xiaomi Redmi Note 10 Pro (India)",2,"1"
"MPF-CD-0122","CD-0122","Combo/Display","Asus Zenfone 7",2,"1"
"MPF-CD-0123","CD-0123","Combo/Display","vivo Y19s 4G",3,"1"
"MPF-CD-0124","CD-0124","Combo/Display","vivo Y29 4G",3,"1"
"MPF-CD-0125","CD-0125","Combo/Display","vivo Y200+",3,"1"
"MPF-CD-0126","CD-0126","Combo/Display","Huawei nova 12 Lite",2,"1"
"MPF-CD-0127","CD-0127","Combo/Display","Huawei Mate 50",2,"1"
"MPF-CD-0128","CD-0128","Combo/Display","Oppo A5 Pro (China)",2,"1"
"MPF-CD-0129","CD-0129","Combo/Display","Samsung Galaxy Note20",2,"1"
"MPF-CD-0130","CD-0130","Combo/Display","Samsung Galaxy S20+",2,"1"
"MPF-CD-0131","CD-0131","Combo/Display","Motorola Edge 60 Stylus",3,"1"
"MPF-CD-0132","CD-0132","Combo/Display","Samsung Galaxy A Quantum",2,"1"
"MPF-CD-0133","CD-0133","Combo/Display","Samsung Galaxy A36",2,"1"
"MPF-CD-0134","CD-0134","Combo/Display","Motorola Edge 20",2,"1"
"MPF-CD-0135","CD-0135","Combo/Display","Motorola Edge 30 Pro",2,"1"
"MPF-CD-0136","CD-0136","Combo/Display","Huawei nova 12i",3,"1"
"MPF-CD-0137","CD-0137","Combo/Display","Samsung Galaxy F62",3,"1"
"MPF-CD-0138","CD-0138","Combo/Display","Samsung Galaxy A70",2,"1"
"MPF-CD-0139","CD-0139","Combo/Display","Motorola Moto G 5G",2,"1"
"MPF-CD-0140","CD-0140","Combo/Display","Samsung Galaxy A06",2,"1"
"MPF-CD-0141","CD-0141","Combo/Display","Motorola Moto G Play (2026)",2,"1"
"MPF-CD-0142","CD-0142","Combo/Display","Samsung Galaxy A07",7,"1"
"MPF-CD-0143","CD-0143","Combo/Display","Samsung Galaxy A05s",2,"1"
"MPF-CD-0144","CD-0144","Combo/Display","Samsung Galaxy A05",3,"1"
"MPF-CD-0145","CD-0145","Combo/Display","Motorola Edge S",2,"1"
"MPF-CD-0146","CD-0146","Combo/Display","Huawei nova 8 Pro 4G",2,"1"
"MPF-CD-0147","CD-0147","Combo/Display","OnePlus Nord N30 SE",3,"1"
"MPF-CD-0148","CD-0148","Combo/Display","Motorola Moto G100",4,"1"
"MPF-CD-0149","CD-0149","Combo/Display","Xiaomi 12S Pro",3,"1"
"MPF-CD-0150","CD-0150","Combo/Display","Huawei Mate 50 Pro",2,"1"
"MPF-CD-0151","CD-0151","Combo/Display","Samsung Galaxy F56",2,"1"
"MPF-CD-0152","CD-0152","Combo/Display","vivo Y05",5,"1"
"MPF-CD-0153","CD-0153","Combo/Display","itel A100",4,"1"
"MPF-CD-0154","CD-0154","Combo/Display","Lava Bold N1 4G",5,"1"
"MPF-CD-0155","CD-0155","Combo/Display","Huawei Mate 80",2,"1"
"MPF-CD-0156","CD-0156","Combo/Display","vivo Y31d",6,"1"
"MPF-CD-0157","CD-0157","Combo/Display","Coolpad C16",2,"1"
"MPF-CD-0158","CD-0158","Combo/Display","Huawei Enjoy 60",8,"1"
"MPF-CD-0159","CD-0159","Combo/Display","Lava Storm Lite",2,"1"
"MPF-CD-0160","CD-0160","Combo/Display","vivo T5x",3,"1"
"MPF-CD-0161","CD-0161","Combo/Display","Huawei nova 12 Pro",2,"1"
"MPF-CD-0162","CD-0162","Combo/Display","vivo T4R",3,"1"
"MPF-CD-0163","CD-0163","Combo/Display","Realme 15 5G (Global)",2,"1"
"MPF-CD-0164","CD-0164","Combo/Display","Infinix Note 60",3,"1"
"MPF-CD-0165","CD-0165","Combo/Display","Tecno Camon 50 Pro",3,"1"
"MPF-CD-0166","CD-0166","Combo/Display","OnePlus Turbo 6",3,"1"
"MPF-CD-0167","CD-0167","Combo/Display","vivo iQOO Neo10 (China)",2,"1"
"MPF-CD-0168","CD-0168","Combo/Display","Infinix Note 50 4G",2,"1"
"MPF-CD-0169","CD-0169","Combo/Display","Tecno Spark 40 Pro",10,"1"
"MPF-CD-0170","CD-0170","Combo/Display","Asus ROG Phone 8",6,"1"
"MPF-CD-0171","CD-0171","Combo/Display","Tecno Pova Slim",2,"1"
"MPF-CD-0172","CD-0172","Combo/Display","Motorola Moto G67",2,"1"
"MPF-CD-0173","CD-0173","Combo/Display","vivo V29 Lite",3,"1"
"MPF-CD-0174","CD-0174","Combo/Display","Infinix Zero 40 4G",3,"1"
"MPF-CD-0175","CD-0175","Combo/Display","vivo iQOO Neo8",2,"1"
"MPF-CD-0176","CD-0176","Combo/Display","vivo iQOO 8 Pro",2,"1"
"MPF-CD-0177","CD-0177","Combo/Display","Lava Blaze Pro 5G",2,"1"
"MPF-CD-0178","CD-0178","Combo/Display","Asus ROG Phone 5",5,"1"
"MPF-CD-0179","CD-0179","Combo/Display","Asus ROG Phone 6",8,"1"
"MPF-CD-0180","CD-0180","Combo/Display","Realme GT 7T",2,"1"
"MPF-CD-0181","CD-0181","Combo/Display","Samsung Galaxy Note10+",2,"1"
"MPF-CD-0182","CD-0182","Combo/Display","Huawei Pura 70 Pro",3,"1"
"MPF-CD-0183","CD-0183","Combo/Display","Google Pixel 10 Pro XL",2,"1"
"MPF-CD-0184","CD-0184","Combo/Display","Oppo A6 GT",2,"1"
"MPF-CD-0185","CD-0185","Combo/Display","Huawei Pura 80 Pro",3,"1"
"MPF-CD-0186","CD-0186","Combo/Display","Huawei Enjoy 60 Pro",2,"1"
"MPF-CD-0187","CD-0187","Combo/Display","Motorola Edge S30",2,"1"
"MPF-CD-0188","CD-0188","Combo/Display","Motorola Edge 5G UW (2021)",2,"1"
"MPF-CD-0189","CD-0189","Combo/Display","Tecno Camon 18",3,"1"
"MPF-CD-0190","CD-0190","Combo/Display","Lenovo K12 Pro",2,"1"
"MPF-CD-0191","CD-0191","Combo/Display","Huawei Mate 60 Pro",3,"1"
"MPF-CD-0192","CD-0192","Combo/Display","vivo iQOO 13",3,"1"
"MPF-CD-0193","CD-0193","Combo/Display","Oppo Find X8 Ultra",2,"1"
"MPF-CD-0194","CD-0194","Combo/Display","Infinix Hot 20",2,"1"
"MPF-CD-0195","CD-0195","Combo/Display","Infinix Hot 10 Play",4,"1"
"MPF-CD-0196","CD-0196","Combo/Display","Realme 14 Pro+",2,"1"
"MPF-CD-0197","CD-0197","Combo/Display","Huawei nova 15 Pro",2,"1"
"MPF-CD-0198","CD-0198","Combo/Display","Infinix Zero 8",2,"1"
"MPF-CD-0199","CD-0199","Combo/Display","Motorola Moto G06",2,"1"
"MPF-CD-0200","CD-0200","Combo/Display","Huawei Mate 80 Pro Max",3,"1"
"MPF-CD-0201","CD-0201","Combo/Display","Samsung Galaxy S20 Ultra 5G",2,"1"
"MPF-CD-0202","CD-0202","Combo/Display","Samsung Galaxy Note20 Ultra",2,"1"
"MPF-CD-0203","CD-0203","Combo/Display","Huawei Mate 70 Pro",3,"1"
"MPF-CD-0204","CD-0204","Combo/Display","Motorola Razr 40",2,"1"
"MPF-CD-0205","CD-0205","Combo/Display","Motorola Razr 50 Ultra",3,"1"
"MPF-CD-0206","CD-0206","Combo/Display","Motorola Razr 2024",6,"1"
"MPF-CD-0207","CD-0207","Combo/Display","Lenovo Legion 2 Pro",2,"1"
"MPF-CD-0208","CD-0208","Combo/Display","Infinix Note 10",2,"1"
"MPF-CD-0209","CD-0209","Combo/Display","Infinix Note 11 Pro",2,"1"
"MPF-CD-0210","CD-0210","Combo/Display","Infinix Note 10 Pro",2,"1"
"MPF-CD-0211","CD-0211","Combo/Display","Huawei nova 14i",3,"1"
"MPF-CD-0212","CD-0212","Combo/Display","Motorola Razr 60 Ultra",2,"1"
"MPF-CD-0213","CD-0213","Combo/Display","Tecno Pouvoir 4",3,"1"
"MPF-CD-0214","CD-0214","Combo/Display","Samsung Galaxy Fold",2,"1"
"MPF-CD-0215","CD-0215","Combo/Display","Huawei Mate 20 X",2,"1"
"MPF-CD-0216","CD-0216","Combo/Display","Samsung Galaxy A11",2,"1"
"MPF-CD-0217","CD-0217","Combo/Display","Oppo K9",3,"1"
"MPF-CD-0218","CD-0218","Combo/Display","OnePlus Nord N20 5G",10,"1"
"MPF-CD-0219","CD-0219","Combo/Display","Oppo A94 5G",4,"1"
"MPF-CD-0220","CD-0220","Combo/Display","Oppo A94",3,"1"
"MPF-CD-0221","CD-0221","Combo/Display","OnePlus Nord CE 2 5G",3,"1"
"MPF-CD-0222","CD-0222","Combo/Display","vivo S10",2,"1"
"MPF-CD-0223","CD-0223","Combo/Display","vivo S12",2,"1"
"MPF-CD-0224","CD-0224","Combo/Display","vivo V21e 5G",2,"1"
"MPF-CD-0225","CD-0225","Combo/Display","vivo X30",2,"1"
"MPF-CD-0226","CD-0226","Combo/Display","vivo S7",3,"1"
"MPF-CD-0227","CD-0227","Combo/Display","vivo Y55",3,"1"
"MPF-CD-0228","CD-0228","Combo/Display","Oppo Find X2 Neo",2,"1"
"MPF-CD-0229","CD-0229","Combo/Display","Samsung Galaxy A52",2,"1"
"MPF-CD-0230","CD-0230","Combo/Display","Samsung Galaxy S20 FE",2,"1"
"MPF-CD-0231","CD-0231","Combo/Display","Samsung Galaxy A15",3,"1"
"MPF-CD-0232","CD-0232","Combo/Display","Oppo Reno Ace",2,"1"
"MPF-CD-0233","CD-0233","Combo/Display","Motorola Moto G62 5G",2,"1"
"MPF-CD-0234","CD-0234","Combo/Display","Samsung Galaxy F34",2,"1"
"MPF-CD-0235","CD-0235","Combo/Display","Oppo A11",2,"1"
"MPF-CD-0236","CD-0236","Combo/Display","Motorola Moto E22",2,"1"
"MPF-CD-0237","CD-0237","Combo/Display","Motorola Moto E22s",4,"1"
"MPF-CD-0238","CD-0238","Combo/Display","Oppo A55 5G",2,"1"
"MPF-CD-0239","CD-0239","Combo/Display","Samsung Galaxy M13 5G",3,"1"
"MPF-CD-0240","CD-0240","Combo/Display","Lava Blaze 2",4,"1"
"MPF-CD-0241","CD-0241","Combo/Display","Motorola Moto G Play (2023)",2,"1"
"MPF-CD-0242","CD-0242","Combo/Display","vivo Y01",5,"1"
"MPF-CD-0243","CD-0243","Combo/Display","vivo Y33e",3,"1"
"MPF-CD-0244","CD-0244","Combo/Display","vivo Y21a",12,"1"
"MPF-CD-0245","CD-0245","Combo/Display","vivo Y35 5G",3,"1"
"MPF-CD-0246","CD-0246","Combo/Display","Lava Z2",4,"1"
"MPF-CD-0247","CD-0247","Combo/Display","Coolpad Cool 20",2,"1"
"MPF-CD-0248","CD-0248","Combo/Display","ZTE Blade A53 Pro",2,"1"
"MPF-CD-0249","CD-0249","Combo/Display","Nokia C21 Plus",3,"1"
"MPF-CD-0250","CD-0250","Combo/Display","Lava Yuva 2 Pro",2,"1"
"MPF-CD-0251","CD-0251","Combo/Display","Lava Z3",2,"1"
"MPF-CD-0252","CD-0252","Combo/Display","Nokia G10",2,"1"
"MPF-CD-0253","CD-0253","Combo/Display","vivo Y50t",4,"1"
"MPF-CD-0254","CD-0254","Combo/Display","Oppo A9",2,"1"
"MPF-CD-0255","CD-0255","Combo/Display","Infinix S5 Pro",3,"1"
"MPF-CD-0256","CD-0256","Combo/Display","Oppo Find X3 Neo",3,"1"
"MPF-CD-0257","CD-0257","Combo/Display","vivo X50 Pro",2,"1"
"MPF-CD-0258","CD-0258","Combo/Display","vivo X50",2,"1"
"MPF-CD-0259","CD-0259","Combo/Display","Honor Play9C (China)",2,"1"
"MPF-CD-0260","CD-0260","Combo/Display","Coolpad C15",3,"1"
"MPF-CD-0261","CD-0261","Combo/Display","Oppo Reno15 F",3,"1"
"MPF-CD-0262","CD-0262","Combo/Display","Honor V40 Lite",3,"1"
"MPF-CD-0263","CD-0263","Combo/Display","Realme X50 5G",3,"1"
"MPF-CD-0264","CD-0264","Combo/Display","Huawei P40 Pro",2,"1"
"MPF-CD-0265","CD-0265","Combo/Display","Nokia XR21",2,"1"
"MPF-CD-0266","CD-0266","Combo/Display","HMD Arc",3,"1"
"MPF-CD-0267","CD-0267","Combo/Display","Nokia C10",3,"1"
"MPF-CD-0268","CD-0268","Combo/Display","HMD Crest",2,"1"
"MPF-CD-0269","CD-0269","Combo/Display","HMD Pulse",3,"1"
"MPF-CD-0270","CD-0270","Combo/Display","Nokia X10",2,"1"
"MPF-CD-0271","CD-0271","Combo/Display","Nokia 8 V 5G UW",2,"1"
"MPF-CD-0272","CD-0272","Combo/Display","Nokia C01 Plus",2,"1"
"MPF-CD-0273","CD-0273","Combo/Display","Nokia 3.1 A",2,"1"
"MPF-CD-0274","CD-0274","Combo/Display","Nokia C2 Tava",2,"1"
"MPF-CD-0275","CD-0275","Combo/Display","Asus ZenFone Live (L2)",2,"1"
"MPF-CD-0276","CD-0276","Combo/Display","Samsung Galaxy J7 Pro",2,"1"
"MPF-CD-0277","CD-0277","Combo/Display","Tecno Camon CM",2,"1"
"MPF-CD-0278","CD-0278","Combo/Display","Oppo F7 Youth",2,"1"
"MPF-CD-0279","CD-0279","Combo/Display","Samsung Galaxy J4+",2,"1"
"MPF-CD-0280","CD-0280","Combo/Display","Motorola Moto E6i",2,"1"
"MPF-CD-0281","CD-0281","Combo/Display","Lenovo S5 Pro",2,"1"
"MPF-CD-0282","CD-0282","Combo/Display","Oppo A7",7,"1"
"MPF-CD-0283","CD-0283","Combo/Display","Tecno Camon 11",2,"1"
"MPF-CD-0284","CD-0284","Combo/Display","Samsung Galaxy A10s",3,"1"
"MPF-CD-0285","CD-0285","Combo/Display","Motorola Moto G7",2,"1"
"MPF-CD-0286","CD-0286","Combo/Display","vivo Y91i",3,"1"
"MPF-CD-0287","CD-0287","Combo/Display","Asus Zenfone Max Plus (M2) ZB634KL",2,"1"
"MPF-CD-0288","CD-0288","Combo/Display","vivo X21",2,"1"
"MPF-CD-0289","CD-0289","Combo/Display","Samsung Galaxy Note10",2,"1"
"MPF-CD-0290","CD-0290","Combo/Display","Google Pixel 10 Pro",2,"1"
"MPF-CD-0291","CD-0291","Combo/Display","Google Pixel 10",2,"1"
"MPF-CD-0292","CD-0292","Combo/Display","Samsung Galaxy A60",2,"1"
"MPF-CD-0293","CD-0293","Combo/Display","Oppo A7x",3,"1"
"MPF-CD-0294","CD-0294","Combo/Display","Lenovo K10 Note",2,"1"
"MPF-CD-0295","CD-0295","Combo/Display","Motorola Moto G8 Plus",2,"1"
"MPF-CD-0296","CD-0296","Combo/Display","Motorola One Action",2,"1"
"MPF-CD-0297","CD-0297","Combo/Display","Nokia C12",2,"1"
"MPF-CD-0298","CD-0298","Combo/Display","Oppo Reno15 (China)",4,"1"
"MPF-CD-0299","CD-0299","Combo/Display","OnePlus 15T",2,"1"
"MPF-CD-0300","CD-0300","Combo/Display","vivo Y3",3,"1"
"MPF-CD-0301","CD-0301","Combo/Display","vivo iQOO Z7",4,"1"
"MPF-CD-0302","CD-0302","Combo/Display","Lenovo Z6 Pro",2,"1"
"MPF-CD-0303","CD-0303","Combo/Display","Samsung Galaxy A20",2,"1"
"MPF-CD-0304","CD-0304","Combo/Display","Motorola Moto G Pro",2,"1"
"MPF-CD-0305","CD-0305","Combo/Display","Realme 8",2,"1"
"MPF-CD-0306","CD-0306","Combo/Display","Oppo A2m",7,"1"
"MPF-CD-0307","CD-0307","Combo/Display","vivo Y15 (2013)",2,"1"
"MPF-CD-0308","CD-0308","Combo/Display","Oppo Find X2 Lite",2,"1"
"MPF-CD-0309","CD-0309","Combo/Display","Oppo K7 5G",2,"1"
"MPF-CD-0310","CD-0310","Combo/Display","OnePlus 6T",2,"1"
"MPF-CD-0311","CD-0311","Combo/Display","Oppo Find X",2,"1"
"MPF-CD-0312","CD-0312","Combo/Display","vivo iQOO Pro",2,"1"
"MPF-CD-0313","CD-0313","Combo/Display","OnePlus 9E",4,"1"
"MPF-CD-0314","CD-0314","Combo/Display","Oppo Reno6 Pro+ 5G",2,"1"
"MPF-CD-0315","CD-0315","Combo/Display","OnePlus 8T",2,"1"
"MPF-CD-0316","CD-0316","Combo/Display","Oppo A59",4,"1"
"MPF-CD-0317","CD-0317","Combo/Display","vivo Y22",3,"1"
"MPF-CD-0318","CD-0318","Combo/Display","OnePlus Nord 2 Lite",3,"1"
"MPF-CD-0319","CD-0319","Combo/Display","vivo NEX A",2,"1"
"MPF-CD-0320","CD-0320","Combo/Display","Oppo Reno 15c",2,"1"
"MPF-CD-0321","CD-0321","Combo/Display","Realme 6 Pro",3,"1"
"MPF-CD-0322","CD-0322","Combo/Display","Oppo A97",2,"1"
"MPF-CD-0323","CD-0323","Combo/Display","Oppo Reno 10x zoom",2,"1"
"MPF-CD-0324","CD-0324","Combo/Display","OnePlus Nord CE4 Lite",4,"1"
"MPF-CD-0325","CD-0325","Combo/Display","OnePlus 7T Pro",3,"1"
"MPF-CD-0326","CD-0326","Combo/Display","Oppo Reno12 (China)",2,"1"
"MPF-CD-0327","CD-0327","Combo/Display","Oppo Find X3",2,"1"
"MPF-CD-0328","CD-0328","Combo/Display","vivo NEX 3",3,"1"
"MPF-CD-0329","CD-0329","Combo/Display","vivo IQOO Pad5 Pro",2,"1"
"MPF-CD-0330","CD-0330","Combo/Display","vivo IQOO Pad5",3,"1"
"MPF-CD-0331","CD-0331","Combo/Display","Huawei Enjoy 90",4,"1"
"MPF-CD-0332","CD-0332","Combo/Display","Honor Play 5T Youth",3,"1"
"MPF-CD-0333","CD-0333","Combo/Display","Honor 9X",5,"1"
"MPF-CD-0334","CD-0334","Combo/Display","Honor 9X (China)",3,"1"
"MPF-CD-0335","CD-0335","Combo/Display","Honor V30",3,"1"
"MPF-CD-0336","CD-0336","Combo/Display","Huawei Mate 30 Pro",4,"1"
"MPF-CD-0337","CD-0337","Combo/Display","Huawei Mate 40 Pro",4,"1"
"MPF-CD-0338","CD-0338","Combo/Display","Huawei Mate 40",3,"1"
"MPF-CD-0339","CD-0339","Combo/Display","Huawei P30 Pro",2,"1"
"MPF-CD-0340","CD-0340","Combo/Display","Huawei nova 5i",2,"1"
"MPF-CD-0341","CD-0341","Combo/Display","Huawei Mate 20 Pro",2,"1"
"MPF-CD-0342","CD-0342","Combo/Display","Huawei nova 5",2,"1"
"MPF-CD-0343","CD-0343","Combo/Display","Honor Play 4T Pro",4,"1"
"MPF-CD-0344","CD-0344","Combo/Display","Huawei nova 5i Pro",2,"1"
"MPF-CD-0345","CD-0345","Combo/Display","Honor 20S",3,"1"
"MPF-CD-0346","CD-0346","Combo/Display","Huawei Enjoy 9s",4,"1"
"MPF-CD-0347","CD-0347","Combo/Display","Huawei P40",2,"1"
"MPF-CD-0348","CD-0348","Combo/Display","Honor 7C",3,"1"
"MPF-CD-0349","CD-0349","Combo/Display","Apple iPhone 15 Plus",2,"1"
"MPF-CD-0350","CD-0350","Combo/Display","Apple iPhone 12 Pro Max",3,"1"
"MPF-CD-0351","CD-0351","Combo/Display","Apple iPhone 16 Pro",2,"1"
"MPF-CD-0352","CD-0352","Combo/Display","Apple iPhone 11",2,"1"
"MPF-CD-0353","CD-0353","Combo/Display","Apple iPhone 12",7,"1"
"MPF-CD-0354","CD-0354","Combo/Display","Apple iPhone X",2,"1"
"MPF-CD-0355","CD-0355","Combo/Display","Apple iPhone 12 mini",2,"1"
"MPF-CD-0356","CD-0356","Combo/Display","ZTE Axon 20 4G",2,"1"
"MPF-CD-0357","CD-0357","Combo/Display","ZTE Axon 30 5G",2,"1"
"MPF-CD-0358","CD-0358","Combo/Display","ZTE nubia Z70 Ultra",2,"1"
"MPF-CD-0359","CD-0359","Combo/Display","ZTE nubia RedMagic 11 Pro",4,"1"
"MPF-CD-0360","CD-0360","Combo/Display","ZTE nubia RedMagic 10 Pro",4,"1"
"MPF-CD-0361","CD-0361","Combo/Display","ZTE nubia RedMagic 7",2,"1"
"MPF-CD-0362","CD-0362","Combo/Display","ZTE nubia RedMagic 6",4,"1"
"MPF-CD-0363","CD-0363","Combo/Display","ZTE nubia RedMagic 7 Pro",2,"1"
"MPF-CD-0364","CD-0364","Combo/Display","ZTE nubia RedMagic 8 Pro",10,"1"
"MPF-CD-0365","CD-0365","Combo/Display","ZTE nubia Z50 Ultra",2,"1"
"MPF-CD-0366","CD-0366","Combo/Display","ZTE Blade A72",3,"1"
"MPF-CD-0367","CD-0367","Combo/Display","ZTE Blade V80 Design",2,"1"
"MPF-CD-0368","CD-0368","Combo/Display","ZTE nubia Focus Pro",2,"1"
"MPF-CD-0369","CD-0369","Combo/Display","ZTE Blade V40 Pro",3,"1"
"MPF-CD-0370","CD-0370","Combo/Display","ZTE Axon 40 SE",3,"1"
"MPF-CD-0371","CD-0371","Combo/Display","ZTE Axon 40 Pro",2,"1"
"MPF-CD-0372","CD-0372","Combo/Display","ZTE A41 Ultra",2,"1"
"MPF-CD-0373","CD-0373","Combo/Display","ZTE nubia Play",4,"1"
"MPF-CD-0374","CD-0374","Combo/Display","ZTE nubia RedMagic 5G",2,"1"
"MPF-CD-0375","CD-0375","Combo/Display","ZTE Axon 60 Lite",2,"1"
"MPF-CD-0376","CD-0376","Combo/Display","ZTE Blade A34",2,"1"
"MPF-CD-0377","CD-0377","Combo/Display","ZTE Axon 11 SE 5G",2,"1"
"MPF-CD-0378","CD-0378","Combo/Display","ZTE Blade A71",2,"1"
"MPF-CD-0379","CD-0379","Combo/Display","ZTE Axon 10 Pro",6,"1"
"MPF-CD-0380","CD-0380","Combo/Display","ZTE Avid 579",2,"1"
"MPF-CD-0381","CD-0381","Combo/Display","ZTE Blade A3 Plus",3,"1"
"MPF-CD-0382","CD-0382","Combo/Display","Realme Narzo 80 Lite",5,"1"
"MPF-CD-0383","CD-0383","Combo/Display","Realme GT5",2,"1"
"MPF-CD-0384","CD-0384","Combo/Display","Realme P3x",3,"1"
"MPF-CD-0385","CD-0385","Combo/Display","Realme 11x",10,"1"
"MPF-CD-0386","CD-0386","Combo/Display","Realme 12",7,"1"
"MPF-CD-0387","CD-0387","Combo/Display","Realme C55",3,"1"
"MPF-CD-0388","CD-0388","Combo/Display","Realme 12 Lite",2,"1"
"MPF-CD-0389","CD-0389","Combo/Display","Realme GT Neo 3",2,"1"
"MPF-CD-0390","CD-0390","Combo/Display","Oppo Reno8 Pro",2,"1"
"MPF-CD-0391","CD-0391","Combo/Display","OnePlus 10T",2,"1"
"MPF-CD-0392","CD-0392","Combo/Display","Realme 12 Pro",3,"1"
"MPF-CD-0393","CD-0393","Combo/Display","Oppo Reno9",3,"1"
"MPF-CD-0394","CD-0394","Combo/Display","Realme C71",2,"1"
"MPF-CD-0395","CD-0395","Combo/Display","Realme C63 5G",7,"1"
"MPF-CD-0396","CD-0396","Combo/Display","Oppo A5 Pro",3,"1"
"MPF-CD-0397","CD-0397","Combo/Display","Oppo A3",8,"1"
"MPF-CD-0398","CD-0398","Combo/Display","Realme 13+",3,"1"
"MPF-CD-0399","CD-0399","Combo/Display","Realme GT Neo 3T",4,"1"
"MPF-CD-0400","CD-0400","Combo/Display","Realme 10 5G",4,"1"
"MPF-CD-0401","CD-0401","Combo/Display","Oppo A96",2,"mhb"
"MPF-CD-0402","CD-0402","Combo/Display","Realme C21Y",2,"1"
"MPF-CD-0403","CD-0403","Combo/Display","Realme Q2i",2,"1"
"MPF-CD-0404","CD-0404","Combo/Display","Oppo A16",3,"1"
"MPF-CD-0405","CD-0405","Combo/Display","Oppo A15",5,"1"
"MPF-CD-0406","CD-0406","Combo/Display","Realme 6i",2,"1"
"MPF-CD-0407","CD-0407","Combo/Display","Realme C30s",3,"1"
"MPF-CD-0408","CD-0408","Combo/Display","Realme C30",2,"1"
"MPF-CD-0409","CD-0409","Combo/Display","Oppo A54",2,"1"
"MPF-CD-0410","CD-0410","Combo/Display","Realme 7i",2,"1"
"MPF-CD-0411","CD-0411","Combo/Display","Oppo A53 5G",3,"1"
"MPF-CD-0412","CD-0412","Combo/Display","Realme 7",4,"1"
"MPF-CD-0413","CD-0413","Combo/Display","Realme 8 5G",6,"1"
"MPF-CD-0414","CD-0414","Combo/Display","Oppo A93 5G",4,"1"
"MPF-CD-0415","CD-0415","Combo/Display","Realme 6",4,"1"
"MPF-CD-0416","CD-0416","Combo/Display","Realme X50 Pro 5G",5,"1"
"MPF-CD-0417","CD-0417","Combo/Display","Realme 11 (China)",2,"1"
"MPF-CD-0418","CD-0418","Combo/Display","Realme Q2 Pro",4,"1"
"MPF-CD-0419","CD-0419","Combo/Display","Realme 10",2,"1"
"MPF-CD-0420","CD-0420","Combo/Display","Realme 5 Pro",2,"1"
"MPF-CD-0421","CD-0421","Combo/Display","Realme C2s",3,"1"
"MPF-CD-0422","CD-0422","Combo/Display","Oppo A6",17,"1"
"MPF-CD-0423","CD-0423","Combo/Display","Oppo Find X9 Pro",3,"1"
"MPF-CD-0424","CD-0424","Combo/Display","Xiaomi Mi 8 Explorer",3,"1"
"MPF-CD-0425","CD-0425","Combo/Display","Xiaomi Redmi Y3",2,"1"
"MPF-CD-0426","CD-0426","Combo/Display","Xiaomi 12",3,"1"
"MPF-CD-0427","CD-0427","Combo/Display","Xiaomi Redmi Note 8",3,"1"
"MPF-CD-0428","CD-0428","Combo/Display","Xiaomi Mi 9X",2,"1"
"MPF-CD-0429","CD-0429","Combo/Display","Xiaomi Mi 9 Lite",2,"1"
"MPF-CD-0430","CD-0430","Combo/Display","Xiaomi Mi 9 Pro",2,"1"
"MPF-CD-0431","CD-0431","Combo/Display","Xiaomi Mi 9 Explorer",2,"1"
"MPF-CD-0432","CD-0432","Combo/Display","Xiaomi Mi Mix 3",2,"1"
"MPF-CD-0433","CD-0433","Combo/Display","Xiaomi Black Shark 2",2,"1"
"MPF-CD-0434","CD-0434","Combo/Display","Xiaomi Mi CC9 Pro",4,"1"
"MPF-CD-0435","CD-0435","Combo/Display","Xiaomi Redmi 10X 4G",2,"1"
"MPF-CD-0436","CD-0436","Combo/Display","Xiaomi Poco M3",4,"1"
"MPF-CD-0437","CD-0437","Combo/Display","Xiaomi Civi",2,"1"
"MPF-CD-0438","CD-0438","Combo/Display","Xiaomi 12 Lite NE",3,"1"
"MPF-CD-0439","CD-0439","Combo/Display","Xiaomi 11 Lite 5G NE",3,"1"
"MPF-CD-0440","CD-0440","Combo/Display","Xiaomi Mi 10 Lite Zoom",2,"1"
"MPF-CD-0441","CD-0441","Combo/Display","Xiaomi Redmi 10X 5G",2,"1"
"MPF-CD-0442","CD-0442","Combo/Display","Xiaomi Redmi 10 Prime+ 5G",2,"1"
"MPF-CD-0443","CD-0443","Combo/Display","Xiaomi Poco X8 Pro",2,"1"
"MPF-CD-0444","CD-0444","Combo/Display","Xiaomi Poco F8 Pro",2,"1"
"MPF-CD-0445","CD-0445","Combo/Display","Xiaomi Poco X3 GT",2,"1"
"MPF-CD-0446","CD-0446","Combo/Display","Xiaomi Poco X4 GT",5,"1"
"MPF-CD-0447","CD-0447","Combo/Display","Xiaomi Poco M4 Pro 5G",4,"1"
"MPF-CD-0448","CD-0448","Combo/Display","Xiaomi Poco F7 Pro",4,"1"
"MPF-CD-0449","CD-0449","Combo/Display","Xiaomi 14T Pro",2,"1"
"MPF-CD-0450","CD-0450","Combo/Display","Xiaomi Poco F6 Pro",3,"1"
"MPF-CD-0451","CD-0451","Combo/Display","Xiaomi Poco F3 GT",2,"1"
"MPF-CD-0452","CD-0452","Combo/Display","Xiaomi 13T",3,"1"
"MPF-CD-0453","CD-0453","Combo/Display","Xiaomi Poco M7 Pro 5G",3,"1"
"MPF-CD-0454","CD-0454","Combo/Display","Xiaomi Mi 10 Pro 5G",2,"1"
"MPF-CD-0455","CD-0455","Combo/Display","Xiaomi Poco F4 GT",2,"1"
"MPF-CD-0456","CD-0456","Combo/Display","Xiaomi Poco F5 Pro",3,"1"
"MPF-CD-0457","CD-0457","Combo/Display","Xiaomi Redmi K50",3,"1"
"MPF-CD-0458","CD-0458","Combo/Display","Xiaomi Poco F4",2,"1"
"MPF-CD-0459","CD-0459","Combo/Display","Xiaomi Poco F2 Pro",4,"1"
"MPF-CD-0460","CD-0460","Combo/Display","Xiaomi Black Shark 4",2,"1"
"MPF-CD-0461","CD-0461","Combo/Display","Xiaomi 11T",2,"1"
"MPF-CD-0462","CD-0462","Combo/Display","Xiaomi Mi 10T 5G",3,"1"
"MPF-CD-0463","CD-0463","Combo/Display","Xiaomi Poco X2",5,"1"
"MPF-CD-0464","CD-0464","Combo/Display","Xiaomi Poco X3",3,"1"
"MPF-CD-0465","CD-0465","Combo/Display","Xiaomi Mi 10i 5G",3,"1"
"MPF-CD-0466","CD-0466","Combo/Display","Xiaomi Poco M2 Pro",5,"1"
"MPF-CD-0467","CD-0467","Combo/Display","Xiaomi Black Shark 3",2,"1"
"MPF-CD-0468","CD-0468","Combo/Display","Xiaomi 14 Pro",2,"1"
"MPF-CD-0469","CD-0469","Combo/Display","Xiaomi Redmi 13C 5G",2,"1"
"MPF-CD-0470","CD-0470","Combo/Display","Xiaomi Poco M8",4,"1"
"MPF-CD-0471","CD-0471","Combo/Display","Xiaomi Poco M8 Pro",2,"1"
"MPF-CD-0472","CD-0472","Combo/Display","Xiaomi Poco C75",9,"1"
"MPF-CD-0473","CD-0473","Combo/Display","Xiaomi 17 Pro Max",3,"1"
"MPF-CD-0474","CD-0474","Combo/Display","Xiaomi Poco F8 Ultra",2,"1"
"MPF-CD-0475","CD-0475","Combo/Display","Xiaomi Poco C85 4G",7,"1"
"MPF-CD-0476","CD-0476","Combo/Display","Xiaomi Poco C85",2,"1"
"MPF-CD-0477","CD-0477","Combo/Display","Xiaomi Mi Max 4",2,"1"
"MPF-CD-0478","CD-0478","Combo/Display","Realme 15x (India)",4,"1"
"MPF-CD-0479","CD-0479","Combo/Display","Honor Magic 2",2,"1"
"MPF-CD-0480","CD-0480","Combo/Display","Honor 30 Pro",2,"1"
"MPF-CD-0481","CD-0481","Combo/Display","Honor 7S",5,"1"
"MPF-CD-0482","CD-0482","Combo/Display","Honor 8X",2,"1"
"MPF-CD-0483","CD-0483","Combo/Display","Honor 20 lite (China)",2,"1"
"MPF-CD-0484","CD-0484","Combo/Display","Honor Play 5T Pro",4,"1"
"MPF-CD-0485","CD-0485","Combo/Display","Honor X10 Max 5G",2,"1"
"MPF-CD-0486","CD-0486","Combo/Display","Honor Magic4 Pro",2,"1"
"MPF-CD-0487","CD-0487","Combo/Display","Honor 60",2,"1"
"MPF-CD-0488","CD-0488","Combo/Display","Honor 70 Pro",2,"1"
"MPF-CD-0489","CD-0489","Combo/Display","Honor Magic5 Pro",2,"1"
"MPF-CD-0490","CD-0490","Combo/Display","Honor Play 40 Plus",2,"1"
"MPF-CD-0491","CD-0491","Combo/Display","Honor 300 Pro",2,"1"
"MPF-CD-0492","CD-0492","Combo/Display","Honor X60",2,"1"
"MPF-CD-0493","CD-0493","Combo/Display","Honor Magic7 Pro",2,"1"
"MPF-CD-0494","CD-0494","Combo/Display","Honor 400 Lite",2,"1"
"MPF-CD-0495","CD-0495","Combo/Display","Honor 400 (China)",2,"1"
"MPF-CD-0496","CD-0496","Combo/Display","Honor 200 Smart",2,"1"
"MPF-CD-0497","CD-0497","Combo/Display","Honor 500",2,"1"
"MPF-CD-0498","CD-0498","Combo/Display","Honor Win",2,"1"
"MPF-CD-0499","CD-0499","Combo/Display","Honor Magic8 Pro",2,"1"
"MPF-CD-0500","CD-0500","Combo/Display","Honor Play 60A",3,"1"
"MPF-CD-0501","CD-0501","Combo/Display","Honor View30",3,"1"
"MPF-CD-0502","CD-0502","Combo/Display","Honor 9C",6,"1"
"MPF-CD-0503","CD-0503","Combo/Display","Honor 8S",4,"1"
"MPF-CD-0504","CD-0504","Combo/Display","Honor Magic3",3,"1"
"MPF-CD-0505","CD-0505","Combo/Display","Honor 50 Lite",3,"1"
"MPF-CD-0506","CD-0506","Combo/Display","Honor Play6T Pro",3,"1"
"MPF-CD-0507","CD-0507","Combo/Display","Honor Play 30 Plus",3,"1"
"MPF-CD-0508","CD-0508","Combo/Display","Honor Magic5 Lite",3,"1"
"MPF-CD-0509","CD-0509","Combo/Display","Honor Play 40",3,"1"
"MPF-CD-0510","CD-0510","Combo/Display","Honor Magic6 Pro",3,"1"
"MPF-CD-0511","CD-0511","Combo/Display","Honor Play9A",3,"1"
"MPF-CD-0512","CD-0512","Combo/Display","Honor Play 60",3,"1"
"MPF-CD-0513","CD-0513","Combo/Display","Honor Play10A",5,"1"
"MPF-CD-0514","CD-0514","Combo/Display","Honor Magic8 Lite",3,"1"
"MPF-CD-0515","CD-0515","Combo/Display","Honor GT",4,"1"
"MPF-CD-0516","CD-0516","Combo/Display","Honor 90 Lite",5,"1"
"MPF-CD-0517","CD-0517","Combo/Display","Honor X30",5,"1"
"MPF-CD-0518","CD-0518","Combo/Display","Honor X9b",4,"1"
"MPF-CD-0519","CD-0519","Combo/Display","Honor 90 Smart",6,"1"
"MPF-CD-0520","CD-0520","Combo/Display","Honor X6b",7,"1"
"MPF-CD-0521","CD-0521","Combo/Display","Huawei nova 11 Pro",2,"1"
"MPF-CD-0522","CD-0522","Combo/Display","Huawei nova 9 SE",3,"1"
"MPF-CD-0523","CD-0523","Combo/Display","Honor X10 5G",3,"1"
"MPF-CD-0524","CD-0524","Combo/Display","Huawei Enjoy 20 Pro",3,"1"
"MPF-CD-0525","CD-0525","Combo/Display","Nokia 5.4",2,"1"
"MPF-CD-0526","CD-0526","Combo/Display","Huawei Y7a",4,"1"
"MPF-CD-0527","CD-0527","Combo/Display","Huawei Y9 (2019)",2,"1"
"MPF-CD-0528","CD-0528","Combo/Display","Huawei Y6 (2019)",7,"1"
"MPF-CD-0529","CD-0529","Combo/Display","Motorola Moto E40",2,"1"
"MPF-CD-0530","CD-0530","Combo/Display","ZTE Blade A36",2,"1"
"MPF-CD-0531","CD-0531","Combo/Display","ZTE Blade L8",2,"1"
"MPF-CD-0532","CD-0532","Combo/Display","ZTE Blade V9",2,"1"
"MPF-CD-0533","CD-0533","Combo/Display","Nokia C22",4,"1"
"MPF-CD-0534","CD-0534","Combo/Display","Motorola Moto G Power (2026)",2,"1"
"MPF-CD-0535","CD-0535","Combo/Display","Huawei Y6p",5,"1"
"MPF-CD-0536","CD-0536","Combo/Display","Honor 10 Lite",4,"1"
"MPF-CD-0537","CD-0537","Combo/Display","Huawei Enjoy 50z",2,"1"
"MPF-CD-0538","CD-0538","Combo/Display","Honor X6",5,"1"
"MPF-CD-0539","CD-0539","Combo/Display","ZTE Axon 40 Ultra",2,"1"
"MPF-CD-0540","CD-0540","Combo/Display","Huawei P30 lite",3,"1"
"MPF-CD-0541","CD-0541","Combo/Display","Huawei Y7 (2019)",4,"1"
"MPF-CD-0542","CD-0542","Combo/Display","Huawei nova 7i",3,"1"
"MPF-CD-0543","CD-0543","Combo/Display","Huawei nova 7 SE",4,"1"
"MPF-CD-0544","CD-0544","Combo/Display","Nokia 1616",2,"1"
"MPF-CD-0545","CD-0545","Combo/Display","Apple iPhone 7 Plus",2,"1"
"MPF-CD-0546","CD-0546","Combo/Display","Apple iPhone 8",3,"1"
"MPF-CD-0547","CD-0547","Combo/Display","Apple iPhone 6s",2,"1"
"MPF-CD-0548","CD-0548","Combo/Display","Apple iPhone 5s",2,"1"
"MPF-CD-0549","CD-0549","Combo/Display","Apple iPhone 5",2,"1"
"MPF-CD-0550","CD-0550","Combo/Display","vivo Y71",2,"1"
"MPF-CD-0551","CD-0551","Combo/Display","vivo U20",5,"1"
"MPF-CD-0552","CD-0552","Combo/Display","vivo Y12",7,"1"
"MPF-CD-0553","CD-0553","Combo/Display","vivo V9",2,"1"
"MPF-CD-0554","CD-0554","Combo/Display","vivo V11i",4,"1"
"MPF-CD-0555","CD-0555","Combo/Display","vivo V23e 5G",4,"1"
"MPF-CD-0556","CD-0556","Combo/Display","vivo Z1 Pro",3,"1"
"MPF-CD-0557","CD-0557","Combo/Display","vivo Y27",10,"1"
"MPF-CD-0558","CD-0558","Combo/Display","Tecno Camon 19 Neo",4,"1"
"MPF-CD-0559","CD-0559","Combo/Display","Tecno Pova",5,"1"
"MPF-CD-0560","CD-0560","Combo/Display","vivo Y78t",6,"1"
"MPF-CD-0561","CD-0561","Combo/Display","vivo T1 Pro",4,"1"
"MPF-CD-0562","CD-0562","Combo/Display","Infinix Note 11",10,"1"
"MPF-CD-0563","CD-0563","Combo/Display","Realme 2",6,"1"
"MPF-CD-0564","CD-0564","Combo/Display","Motorola Moto G9 Play",2,"6"
"MPF-CD-0565","CD-0565","Combo/Display","Motorola Moto S30 Pro",2,"5"
"MPF-CD-0566","CD-0566","Combo/Display","Motorola Moto E7",3,"4"
"MPF-CD-0567","CD-0567","Combo/Display","Motorola Moto G31",2,"4"
"MPF-CD-0568","CD-0568","Combo/Display","Motorola Moto G22",2,"3"
"MPF-CD-0569","CD-0569","Combo/Display","Xiaomi Redmi 6A",2,"2"
"MPF-CD-0570","CD-0570","Combo/Display","Xiaomi Redmi 5A",2,"1"
"MPF-CD-0571","CD-0571","Combo/Display","vivo Z1",6,"9"
"MPF-CD-0572","CD-0572","Combo/Display","Lava Blaze",6,"8"
"MPF-CD-0573","CD-0573","Combo/Display","Infinix Hot 10s",3,"7"
"MPF-CD-0574","CD-0574","Combo/Display","Samsung Galaxy A30",4,"5"
"MPF-CD-0575","CD-0575","Combo/Display","Realme Narzo N53",6,"5"
"MPF-CD-0576","CD-0576","Combo/Display","Motorola Moto G10",2,"6"
"MPF-CD-0577","CD-0577","Combo/Display","Motorola Moto G60",4,"5"
"MPF-CD-0578","CD-0578","Combo/Display","Motorola Moto G54",3,"5"
"MPF-CD-0579","CD-0579","Combo/Display","vivo Y19",9,"3"
"MPF-CD-0580","CD-0580","Combo/Display","Samsung Galaxy F16",9,"3"
"MPF-CD-0581","CD-0581","Combo/Display","Motorola Moto G34",3,"2"
"MPF-CD-0582","CD-0582","Combo/Display","Samsung Galaxy M21",8,"2"
"MPF-CD-0583","CD-0583","Combo/Display","itel A80",18,"1"
"MPF-CD-0584","CD-0584","Combo/Display","Realme C73",13,"3"
"MPF-CD-0585","CD-0585","Combo/Display","OnePlus 11R",5,"wthth"
"MPF-CD-0586","CD-0586","Combo/Display","OnePlus 11",2,"sgg"
"MPF-CD-0587","CD-0587","Combo/Display","OnePlus 12R",8,"sdfh"
"MPF-CD-0588","CD-0588","Combo/Display","OnePlus 13R",3,"etyjj"
"MPF-CD-0589","CD-0589","Combo/Display","OnePlus 12",2,"adfhh"
"MPF-CD-0590","CD-0590","Combo/Display","OnePlus Nord 4",2,"fhadhf"
"MPF-CD-0591","CD-0591","Combo/Display","OnePlus 8",3,"adhg"
"MPF-CD-0592","CD-0592","Combo/Display","OnePlus Nord 5",6,"adhjg"
"MPF-CD-0593","CD-0593","Combo/Display","Realme GT3",4,"sgg"
"MPF-CD-0594","CD-0594","Combo/Display","OnePlus 13s",2,"erh"
"MPF-CD-0595","CD-0595","Combo/Display","Realme GT 6",3,"dghk"
"MPF-CD-0596","CD-0596","Combo/Display","Oppo F29",2,"adfhgh"
"MPF-CD-0597","CD-0597","Combo/Display","Realme 14 Pro",2,"sdgsf"
"MPF-CD-0598","CD-0598","Combo/Display","Realme 12+",6,"sfgj"
"MPF-CD-0599","CD-0599","Combo/Display","Oppo F27",6,"Wrg"
"MPF-CD-0600","CD-0600","Combo/Display","Oppo A2 Pro",4,"ASFG"
"MPF-CD-0601","CD-0601","Combo/Display","Oppo Reno5 Pro 5G",2,"Sdg"
"MPF-CD-0602","CD-0602","Combo/Display","Realme 15 Pro",5,"ERGEFH"
"MPF-CD-0603","CD-0603","Combo/Display","Oppo F31 Pro",7,"DFAHDFH"
"MPF-CD-0604","CD-0604","Combo/Display","Realme GT8 (China)",2,"ADSFSDG"
"MPF-CD-0605","CD-0605","Combo/Display","Oppo K13 Turbo",2,"rdhadh"
"MPF-CD-0606","CD-0606","Combo/Display","Lava Bold 5G",3,"sdfgh"
"MPF-CD-0607","CD-0607","Combo/Display","vivo V29",8,"DFHDFH"
"MPF-CD-0608","CD-0608","Combo/Display","vivo X70 Pro",3,"RHH"
"MPF-CD-0609","CD-0609","Combo/Display","vivo X80 Pro",3,"GSDG"
"MPF-CD-0610","CD-0610","Combo/Display","vivo X60 Pro",3,"hadgj"
"MPF-CD-0611","CD-0611","Combo/Display","vivo X100",3,"aerhr"
"MPF-CD-0612","CD-0612","Combo/Display","vivo X200 FE",4,"arht"
"MPF-CD-0613","CD-0613","Combo/Display","vivo V60",3,"ahf"
"MPF-CD-0614","CD-0614","Combo/Display","vivo V50 Lite",5,"sdgf"
"MPF-CD-0615","CD-0615","Combo/Display","Motorola Edge 40",2,"fhafh"
"MPF-CD-0616","CD-0616","Combo/Display","Motorola Moto G72",5,"erah"
"MPF-CD-0617","CD-0617","Combo/Display","Motorola Edge 50",2,"erhqet"
"MPF-CD-0618","CD-0618","Combo/Display","Motorola Edge 50 Fusion",2,"sggd"
"MPF-CD-0619","CD-0619","Combo/Display","Motorola Moto G86",2,"SGSFH"
"MPF-CD-0620","CD-0620","Combo/Display","Motorola Edge 70",2,"sDGSG"
"MPF-CD-0621","CD-0621","Combo/Display","Xiaomi Redmi Note 12",4,"ufjh"
"MPF-CD-0622","CD-0622","Combo/Display","Xiaomi Mi 11X",7,"sfgfh"
"MPF-CD-0623","CD-0623","Combo/Display","Xiaomi Redmi Note 13 4G",2,"sdg"
"MPF-CD-0624","CD-0624","Combo/Display","Xiaomi Redmi K20",5,"fdghadhf"
"MPF-CD-0625","CD-0625","Combo/Display","Realme 9 Pro+",3,"eturtu"
"MPF-CD-0626","CD-0626","Combo/Display","Realme XT",3,"thth"
"MPF-CD-0627","CD-0627","Combo/Display","Oppo F17 Pro",6,"erheth"
"MPF-CD-0628","CD-0628","Combo/Display","Oppo Reno6 Lite",5,"dah"
"MPF-CD-0629","CD-0629","Combo/Display","Oppo F15",5,"fgsj"
"MPF-CD-0630","CD-0630","Combo/Display","vivo V21",2,"sryRY"
"MPF-CD-0631","CD-0631","Combo/Display","vivo S1",13,"dh"
"MPF-CD-0632","CD-0632","Combo/Display","vivo X60",3,"zdg"
"MPF-CD-0633","CD-0633","Combo/Display","OnePlus 3",2,"asfgfh"
"MPF-CD-0634","CD-0634","Combo/Display","Infinix Hot 30",9,"adfg"
"MPF-CD-0635","CD-0635","Combo/Display","Infinix Note 40 Pro",4,"fag"
"MPF-CD-0636","CD-0636","Combo/Display","Motorola Moto G13",2,"TJWGJ"
"MPF-CD-0637","CD-0637","Combo/Display","Motorola Moto G04",5,"DFG"
"MPF-CD-0638","CD-0638","Combo/Display","Samsung Galaxy M55",4,"RGQERG"
"MPF-CD-0639","CD-0639","Combo/Display","Samsung Galaxy M52 5G",4,"DFDH"
"MPF-CD-0640","CD-0640","Combo/Display","vivo iQOO Neo9",5,"FDHADFH"
"MPF-CD-0641","CD-0641","Combo/Display","vivo iQOO Neo 7",5,"SFGSFG"
"MPF-CD-0642","CD-0642","Combo/Display","vivo iQOO 11",2,"DFGDAF"
"MPF-CD-0643","CD-0643","Combo/Display","vivo iQOO Neo 10R",2,"SGWR"
"MPF-CD-0644","CD-0644","Combo/Display","Tecno Camon 20 Pro",2,"FDHQH"
"MPF-CD-0645","CD-0645","Combo/Display","Infinix Zero 30",3,"YJEHK"
"MPF-CD-0646","CD-0646","Combo/Display","Infinix Note 40 5G",4,"dsgSDG"
"MPF-CD-0647","CD-0647","Combo/Display","Tecno Phantom X2",2,"grg"
"MPF-CD-0648","CD-0648","Combo/Display","Infinix GT 30 Pro",3,"dgh"
"MPF-CD-0649","CD-0649","Combo/Display","Infinix Note 40",2,"sdg"
"MPF-CD-0650","CD-0650","Combo/Display","Honor 90",2,"wtjwy"
"MPF-CD-0651","CD-0651","Combo/Display","Honor X9c",3,"rhqh"
"MPF-CD-0652","CD-0652","Combo/Display","Honor 200 Lite",5,"sdhfsfh"
"MPF-CD-0653","CD-0653","Combo/Display","Xiaomi 15 Pro",2,"dsfhgh"
"MPF-CD-0654","CD-0654","Combo/Display","Xiaomi 14 Civi",2,"weg"
"MPF-CD-0655","CD-0655","Combo/Display","Xiaomi Mi 11 Ultra",3,"SGJJG"
"MPF-CD-0656","CD-0656","Combo/Display","Xiaomi Redmi Note 12 Pro+",4,"DFGAFDG"
"MPF-CD-0657","CD-0657","Combo/Display","Xiaomi Redmi Note 13 Pro 4G",2,"SDFGFJG"
"MPF-CD-0658","CD-0658","Combo/Display","Xiaomi Redmi K70E",3,"fabfh"
"MPF-CD-0659","CD-0659","Combo/Display","Xiaomi Redmi Note 13",7,"dfbh"
"MPF-CD-0660","CD-0660","Combo/Display","Xiaomi Redmi Note 13 Pro",2,"sdg"
"MPF-CD-0661","CD-0661","Combo/Display","Xiaomi Redmi Turbo 4",2,"sfgsfh"
"MPF-CD-0662","CD-0662","Combo/Display","Xiaomi Poco F7",3,"fhf"
"MPF-CD-0663","CD-0663","Combo/Display","Nothing Phone (3a)",4,"ehq"
"MPF-CD-0664","CD-0664","Combo/Display","vivo T2x",16,"gjkjk"
"MPF-CD-0665","CD-0665","Combo/Display","vivo V40e",5,"ghsdth"
"MPF-CD-0666","CD-0666","Combo/Display","vivo Y100 4G",8,"dh"
"MPF-CD-0667","CD-0667","Combo/Display","Realme 10 Pro+",3,"fhkjk"
"MPF-CD-0668","CD-0668","Combo/Display","Realme 13 Pro",4,"fgggfj"
"MPF-CD-0669","CD-0669","Combo/Display","vivo V30",9,"fsgj"
"MPF-CD-0670","CD-0670","Combo/Display","vivo T4",4,"thah"
"MPF-CD-0671","CD-0671","Combo/Display","Xiaomi Redmi 10 (India)",2,"gdhgk"
"MPF-CD-0672","CD-0672","Combo/Display","OnePlus Ace",3,"truu"
"MPF-CD-0673","CD-0673","Combo/Display","Realme GT 5G",6,"fggj"
"MPF-CD-0674","CD-0674","Combo/Display","Oppo A1 Pro",4,"fj"
"MPF-CD-0675","CD-0675","Combo/Display","Xiaomi 11i",8,"bjfjhj"
"MPF-CD-0676","CD-0676","Combo/Display","vivo V27 Pro",6,"kgjk"
"MPF-CD-0677","CD-0677","Combo/Display","vivo Y58",5,"adffd"
"MPF-CD-0678","CD-0678","Combo/Display","vivo Y11s",23,"ghfg"
"MPF-CD-0679","CD-0679","Combo/Display","Realme 5",10,"fgg"
"MPF-CD-0680","CD-0680","Combo/Display","Xiaomi Redmi 9A",9,"FJFJ"
"MPF-CD-0681","CD-0681","Combo/Display","Realme C61",6,"YIII"
"MPF-CD-0682","CD-0682","Combo/Display","Xiaomi Redmi 10 5G",8,"HTJFGJ"
"MPF-CD-0683","CD-0683","Combo/Display","Oppo A1x",20,"fgjj"
"MPF-CD-0684","CD-0684","Combo/Display","vivo Y1s",7,"hwjh"
"MPF-CD-0685","CD-0685","Combo/Display","vivo Y81",4,"juiui"
"MPF-CD-0686","CD-0686","Combo/Display","vivo Y02",4,"bnmk"
"MPF-CD-0687","CD-0687","Combo/Display","vivo Y03t",13,"fgjhg"
"MPF-CD-0688","CD-0688","Combo/Display","vivo Y17s",4,"fgafg"
"MPF-CD-0689","CD-0689","Combo/Display","Oppo A11s",5,"ffhfh"
"MPF-CD-0690","CD-0690","Combo/Display","Oppo A76",2,"erheth"
"MPF-CD-0691","CD-0691","Combo/Display","Oppo A52",3,"hdgh"
"MPF-CD-0692","CD-0692","Combo/Display","Realme 7 5G",3,"ghkg"
"MPF-CD-0693","CD-0693","Combo/Display","Realme C15",8,"fhgfdh"
"MPF-CD-0694","CD-0694","Combo/Display","Realme C20",9,"fhsjj"
"MPF-CD-0695","CD-0695","Combo/Display","Realme C35",2,"vbcvn"
"MPF-CD-0696","CD-0696","Combo/Display","Oppo A3 4G",4,"fgfd"
"MPF-CD-0697","CD-0697","Combo/Display","Realme 9 5G",4,"yiiiu"
"MPF-CD-0698","CD-0698","Combo/Display","Xiaomi Redmi Note 7",3,"tyyty"
"MPF-CD-0699","CD-0699","Combo/Display","Xiaomi Redmi 9",4,"fgjfj"
"MPF-CD-0700","CD-0700","Combo/Display","Xiaomi Redmi 8",4,"rgrh"
"MPF-CD-0701","CD-0701","Combo/Display","Xiaomi Redmi 12",10,"dfhdfh"
"MPF-CD-0702","CD-0702","Combo/Display","Xiaomi Redmi Note 10",4,"ghfg"
"MPF-CD-0703","CD-0703","Combo/Display","Xiaomi Redmi Note 10 5G",4,"daffghh"
"MPF-CD-0704","CD-0704","Combo/Display","Xiaomi Redmi 10 2022",5,"dzfh"
"MPF-CD-0705","CD-0705","Combo/Display","Xiaomi Redmi Note 11",4,"dhgh"
"MPF-CD-0706","CD-0706","Combo/Display","Xiaomi Redmi 13C",3,"cvcnb"
"MPF-CD-0707","CD-0707","Combo/Display","Xiaomi Redmi A1",6,"dfh"
"MPF-CD-0708","CD-0708","Combo/Display","Xiaomi Redmi A3",3,"fghg"
"MPF-CD-0709","CD-0709","Combo/Display","Infinix Hot 8",5,"hjkk"
"MPF-CD-0710","CD-0710","Combo/Display","Infinix Smart 4",4,"czn"
"MPF-CD-0711","CD-0711","Combo/Display","Infinix Smart 5",12,"xfgfhj"
"MPF-CD-0712","CD-0712","Combo/Display","Infinix Smart 7",24,"fgjgfj"
"MPF-CD-0713","CD-0713","Combo/Display","Infinix Smart 8",16,"fggsfj"
"MPF-CD-0714","CD-0714","Combo/Display","Tecno Spark Go 2020",3,"rhyat"
"MPF-CD-0715","CD-0715","Combo/Display","Tecno Pop 5 LTE",4,"fgjfj"
"MPF-CD-0716","CD-0716","Combo/Display","Samsung Galaxy A02",10,"dfdfh"
"MPF-CD-0717","CD-0717","Combo/Display","Samsung Galaxy A02s",10,"dfgh"
"MPF-CD-0718","CD-0718","Combo/Display","Samsung Galaxy A10",2,"ghkghk"
"MPF-CD-0719","CD-0719","Combo/Display","Samsung Galaxy A22 5G",2,"dfhadf"
"MPF-CD-0720","CD-0720","Combo/Display","Samsung Galaxy A13",10,"fgj"
"MPF-MF-0001","MF-0001","Middle Frame","ZTE nubia Focus Pro",2,"1"
"MPF-MF-0002","MF-0002","Middle Frame","Motorola Edge S",2,"1"
"MPF-MF-0003","MF-0003","Middle Frame","vivo Y55 5G",3,"1"
"MPF-MF-0004","MF-0004","Middle Frame","vivo Y55L (vivo 1603)",2,"1"
"MPF-MF-0005","MF-0005","Middle Frame","Nokia C01 Plus",2,"1"
"MPF-MF-0006","MF-0006","Middle Frame","Lenovo Z5 Pro",2,"1"
"MPF-MF-0007","MF-0007","Middle Frame","Xiaomi Mi 9 Pro",2,"1"
"MPF-MF-0008","MF-0008","Middle Frame","vivo V21e 5G",2,"1"
"MPF-MF-0009","MF-0009","Middle Frame","vivo V21e",2,"1"
"MPF-MF-0010","MF-0010","Middle Frame","vivo V20 SE",2,"1"
"MPF-MF-0011","MF-0011","Middle Frame","Lenovo K12 (China)",2,"1"
"MPF-MF-0012","MF-0012","Middle Frame","Lenovo K14 Plus",2,"1"
"MPF-MF-0013","MF-0013","Middle Frame","Motorola Moto G10",2,"1"
"MPF-MF-0014","MF-0014","Middle Frame","Xiaomi Redmi 9A",4,"1"
"MPF-MF-0015","MF-0015","Middle Frame","itel Color Pro",4,"1"
"MPF-MF-0016","MF-0016","Middle Frame","Honor Play 40",2,"1"
"MPF-MF-0017","MF-0017","Middle Frame","Honor Play9C (China)",2,"1"
"MPF-MF-0018","MF-0018","Middle Frame","Oppo A17",2,"1"
"MPF-MF-0019","MF-0019","Middle Frame","Oppo A6 Pro (China)",2,"1"
"MPF-MF-0020","MF-0020","Middle Frame","Oppo A6s Pro (China)",3,"1"
"MPF-MF-0021","MF-0021","Middle Frame","vivo Y33",2,"1"
"MPF-MF-0022","MF-0022","Middle Frame","vivo T2x (India)",2,"1"
"MPF-MF-0023","MF-0023","Middle Frame","Oppo Find X9",2,"1"
"MPF-MF-0024","MF-0024","Middle Frame","Honor 9X",5,"1"
"MPF-MF-0025","MF-0025","Middle Frame","itel A70",2,"1"
"MPF-MF-0026","MF-0026","Middle Frame","Infinix Smart 10 HD",6,"1"
"MPF-MF-0027","MF-0027","Middle Frame","Tecno Pop 8",5,"1"
"MPF-MF-0028","MF-0028","Middle Frame","vivo S20 Pro",2,"1"
"MPF-MF-0029","MF-0029","Middle Frame","ZTE Blade V40 Pro",3,"1"
"MPF-MF-0030","MF-0030","Middle Frame","Xiaomi Redmi Note 10 Pro (India)",2,"1"
"MPF-MF-0031","MF-0031","Middle Frame","Motorola Moto G37",2,"1"
"MPF-MF-0032","MF-0032","Middle Frame","Realme 13 Pro",2,"1"
"MPF-MF-0033","MF-0033","Middle Frame","Oppo Reno11 (China)",2,"1"
"MPF-MF-0034","MF-0034","Middle Frame","Honor Magic8 Pro",2,"1"
"MPF-MF-0035","MF-0035","Middle Frame","OnePlus Nord CE 3 Lite",2,"1"
"MPF-MF-0036","MF-0036","Middle Frame","Lava Bold N2 Lite",2,"1"
"MPF-MF-0037","MF-0037","Middle Frame","itel A100",4,"1"
"MPF-MF-0038","MF-0038","Middle Frame","Realme C63",2,"1"
"MPF-MF-0039","MF-0039","Middle Frame","ZTE Blade A36",2,"1"
"MPF-MF-0040","MF-0040","Middle Frame","Lava Storm Lite",2,"1"
"MPF-MF-0041","MF-0041","Middle Frame","Motorola Edge 70 Pro",2,"1"
"MPF-MF-0042","MF-0042","Middle Frame","Infinix Hot 60 Pro",2,"1"
"MPF-MF-0043","MF-0043","Middle Frame","Lava Blaze Pro 5G",2,"1"
"MPF-MF-0044","MF-0044","Middle Frame","Samsung Galaxy Note10+",2,"1"
"MPF-MF-0045","MF-0045","Middle Frame","Realme C100 4G",3,"1"
"MPF-MF-0046","MF-0046","Middle Frame","Realme C83",3,"1"
"MPF-MF-0047","MF-0047","Middle Frame","Honor 200 Smart",2,"1"
"MPF-MF-0048","MF-0048","Middle Frame","Motorola Edge S30",2,"1"
"MPF-MF-0049","MF-0049","Middle Frame","Realme 16T 5G",2,"1"
"MPF-MF-0050","MF-0050","Middle Frame","Realme 14 Pro+",2,"1"
"MPF-MF-0051","MF-0051","Middle Frame","vivo Y600 Turbo",2,"1"
"MPF-MF-0052","MF-0052","Middle Frame","Xiaomi Poco C71",2,"1"
"MPF-MF-0053","MF-0053","Middle Frame","Motorola Razr 70+",2,"1"
"MPF-MF-0054","MF-0054","Middle Frame","Motorola Razr 70 Ultra",2,"1"
"MPF-MF-0055","MF-0055","Middle Frame","vivo Y15 (2013)",2,"1"
"MPF-MF-0056","MF-0056","Middle Frame","Apple iPhone 6s",2,"1"
"MPF-MF-0057","MF-0057","Middle Frame","ZTE Blade A3 (2019)",2,"1"
"MPF-MF-0058","MF-0058","Middle Frame","ZTE Blade A3 Plus",3,"1"
"MPF-MF-0059","MF-0059","Middle Frame","Samsung Galaxy A01 Core",2,"1"
"MPF-MF-0060","MF-0060","Middle Frame","Apple iPhone 12 mini",2,"1"
"MPF-MF-0061","MF-0061","Middle Frame","ZTE Avid 579",2,"1"
"MPF-MF-0062","MF-0062","Middle Frame","Nokia 3.1 A",2,"1"
"MPF-MF-0063","MF-0063","Middle Frame","Nokia C2 Tava",2,"1"
"MPF-MF-0064","MF-0064","Middle Frame","Asus ZenFone Live (L1) ZA550KL",2,"1"
"MPF-MF-0065","MF-0065","Middle Frame","Samsung Galaxy J7 (2017)",2,"1"
"MPF-MF-0066","MF-0066","Middle Frame","Tecno Camon CM",2,"1"
"MPF-MF-0067","MF-0067","Middle Frame","Oppo F7 Youth",2,"1"
"MPF-MF-0068","MF-0068","Middle Frame","Samsung Galaxy J4+",2,"1"
"MPF-MF-0069","MF-0069","Middle Frame","Huawei P40",2,"1"
"MPF-MF-0070","MF-0070","Middle Frame","Asus Zenfone 5 ZE620KL",3,"1"
"MPF-MF-0071","MF-0071","Middle Frame","Samsung Galaxy S20",2,"1"
"MPF-MF-0072","MF-0072","Middle Frame","Lenovo S5 Pro",2,"1"
"MPF-MF-0073","MF-0073","Middle Frame","vivo Y91i",3,"1"
"MPF-MF-0074","MF-0074","Middle Frame","Tecno Camon 11",2,"1"
"MPF-MF-0075","MF-0075","Middle Frame","Motorola Moto G7",2,"1"
"MPF-MF-0076","MF-0076","Middle Frame","Huawei nova 5z",2,"1"
"MPF-MF-0077","MF-0077","Middle Frame","Huawei Enjoy 9",4,"1"
"MPF-MF-0078","MF-0078","Middle Frame","Asus Zenfone Max Plus (M2) ZB634KL",2,"1"
"MPF-MF-0079","MF-0079","Middle Frame","Xiaomi 12S",3,"1"
"MPF-MF-0080","MF-0080","Middle Frame","Apple iPhone 16 Pro",2,"1"
"MPF-MF-0081","MF-0081","Middle Frame","Samsung Galaxy Note10",2,"1"
"MPF-MF-0082","MF-0082","Middle Frame","Samsung Galaxy A60",2,"1"
"MPF-MF-0083","MF-0083","Middle Frame","Realme 5 Pro",2,"1"
"MPF-MF-0084","MF-0084","Middle Frame","Honor 20 lite (China)",2,"1"
"MPF-MF-0085","MF-0085","Middle Frame","Motorola Moto G8 Plus",2,"10"
"MPF-MF-0086","MF-0086","Middle Frame","Motorola One Action",2,"1"
"MPF-MF-0087","MF-0087","Middle Frame","vivo S30 Pro mini",5,"1"
"MPF-MF-0088","MF-0088","Middle Frame","Oppo Reno15 (China)",4,"1"
"MPF-MF-0089","MF-0089","Middle Frame","OnePlus 13T",2,"1"
"MPF-MF-0090","MF-0090","Middle Frame","vivo Y3",3,"1"
"MPF-MF-0091","MF-0091","Middle Frame","vivo S1 Prime",6,"1"
"MPF-MF-0092","MF-0092","Middle Frame","vivo S1",7,"1"
"MPF-MF-0093","MF-0093","Middle Frame","Xiaomi Mi 9T",5,"1"
"MPF-MF-0094","MF-0094","Middle Frame","Xiaomi Mi 9X",2,"1"
"MPF-MF-0095","MF-0095","Middle Frame","Xiaomi Mi 9",2,"1"
"MPF-MF-0096","MF-0096","Middle Frame","Lenovo Z6 Pro",2,"1"
"MPF-MF-0097","MF-0097","Middle Frame","Huawei nova 5",2,"1"
"MPF-MF-0098","MF-0098","Middle Frame","Honor Magic 2",2,"1"
"MPF-MF-0099","MF-0099","Middle Frame","Xiaomi Mi Mix 3",2,"1"
"MPF-MF-0100","MF-0100","Middle Frame","Huawei Mate 20 Pro",2,"1"
"MPF-MF-0101","MF-0101","Middle Frame","Xiaomi Black Shark 2",2,"1"
"MPF-MF-0102","MF-0102","Middle Frame","Realme X2",3,"1"
"MPF-MF-0103","MF-0103","Middle Frame","Motorola Moto G Pro",2,"1"
"MPF-MF-0104","MF-0104","Middle Frame","Oppo Reno5 4G",2,"1"
"MPF-MF-0105","MF-0105","Middle Frame","Samsung Galaxy M21",4,"1"
"MPF-MF-0106","MF-0106","Middle Frame","Samsung Galaxy F41",4,"1"
"MPF-MF-0107","MF-0107","Middle Frame","Huawei nova 5i",2,"1"
"MPF-MF-0108","MF-0108","Middle Frame","Realme 10",2,"1"
"MPF-MF-0109","MF-0109","Middle Frame","Oppo A91",2,"1"
"MPF-MF-0110","MF-0110","Middle Frame","Realme 9",3,"1"
"MPF-MF-0111","MF-0111","Middle Frame","Oppo Find X2 Lite",2,"1"
"MPF-MF-0112","MF-0112","Middle Frame","Oppo K7 5G",2,"1"
"MPF-MF-0113","MF-0113","Middle Frame","Realme Q2 Pro",4,"1"
"MPF-MF-0114","MF-0114","Middle Frame","Samsung Galaxy A11",2,"1"
"MPF-MF-0115","MF-0115","Middle Frame","Oppo Find X",2,"1"
"MPF-MF-0116","MF-0116","Middle Frame","Oppo Reno6 5G",2,"1"
"MPF-MF-0117","MF-0117","Middle Frame","Oppo K9",3,"1"
"MPF-MF-0118","MF-0118","Middle Frame","Realme 11 (China)",2,"1"
"MPF-MF-0119","MF-0119","Middle Frame","Xiaomi Poco M5s",4,"1"
"MPF-MF-0120","MF-0120","Middle Frame","vivo S10",2,"1"
"MPF-MF-0121","MF-0121","Middle Frame","vivo S12",2,"1"
"MPF-MF-0122","MF-0122","Middle Frame","vivo S7",3,"1"
"MPF-MF-0123","MF-0123","Middle Frame","vivo X30",2,"1"
"MPF-MF-0124","MF-0124","Middle Frame","vivo V25",3,"1"
"MPF-MF-0125","MF-0125","Middle Frame","Realme X50 Pro 5G",5,"1"
"MPF-MF-0126","MF-0126","Middle Frame","vivo iQOO Z6 44W",3,"1"
"MPF-MF-0127","MF-0127","Middle Frame","vivo V21",2,"1"
"MPF-MF-0128","MF-0128","Middle Frame","vivo S7e",2,"1"
"MPF-MF-0129","MF-0129","Middle Frame","vivo S10e",4,"1"
"MPF-MF-0130","MF-0130","Middle Frame","Xiaomi Mi CC9 Pro",4,"1"
"MPF-MF-0131","MF-0131","Middle Frame","ZTE Axon 11 4G",3,"1"
"MPF-MF-0132","MF-0132","Middle Frame","Huawei P30 Pro",2,"1"
"MPF-MF-0133","MF-0133","Middle Frame","OnePlus 9E",4,"1"
"MPF-MF-0134","MF-0134","Middle Frame","HMD XR21",2,"1"
"MPF-MF-0135","MF-0135","Middle Frame","Huawei Mate 40",3,"1"
"MPF-MF-0136","MF-0136","Middle Frame","Oppo Find X2 Neo",2,"1"
"MPF-MF-0137","MF-0137","Middle Frame","Samsung Galaxy S20 FE",2,"1"
"MPF-MF-0138","MF-0138","Middle Frame","Honor 30 Youth",3,"1"
"MPF-MF-0139","MF-0139","Middle Frame","Oppo Reno Ace",2,"1"
"MPF-MF-0140","MF-0140","Middle Frame","Honor 8X",2,"1"
"MPF-MF-0141","MF-0141","Middle Frame","Motorola Moto G62 5G",2,"1"
"MPF-MF-0142","MF-0142","Middle Frame","Oppo A52",2,"1"
"MPF-MF-0143","MF-0143","Middle Frame","Realme 6",4,"1"
"MPF-MF-0144","MF-0144","Middle Frame","Realme 7 5G",3,"1"
"MPF-MF-0145","MF-0145","Middle Frame","Oppo A53 5G",3,"1"
"MPF-MF-0146","MF-0146","Middle Frame","Realme 7",4,"1"
"MPF-MF-0147","MF-0147","Middle Frame","Huawei Y8s",2,"1"
"MPF-MF-0148","MF-0148","Middle Frame","Motorola Moto G34",2,"1"
"MPF-MF-0149","MF-0149","Middle Frame","Motorola Moto E22",2,"1"
"MPF-MF-0150","MF-0150","Middle Frame","Oppo A11",2,"1"
"MPF-MF-0151","MF-0151","Middle Frame","Motorola Moto E22s",4,"1"
"MPF-MF-0152","MF-0152","Middle Frame","Oppo A55 5G",2,"1"
"MPF-MF-0153","MF-0153","Middle Frame","Realme C3",4,"1"
"MPF-MF-0154","MF-0154","Middle Frame","Realme 6i",2,"1"
"MPF-MF-0155","MF-0155","Middle Frame","Realme Q2i",2,"1"
"MPF-MF-0156","MF-0156","Middle Frame","Samsung Galaxy A13 5G",2,"1"
"MPF-MF-0157","MF-0157","Middle Frame","Realme C21Y",2,"1"
"MPF-MF-0158","MF-0158","Middle Frame","Lava Blaze 2",4,"1"
"MPF-MF-0159","MF-0159","Middle Frame","Motorola Moto G9 (India)",2,"1"
"MPF-MF-0160","MF-0160","Middle Frame","vivo iQOO U5x",4,"1"
"MPF-MF-0161","MF-0161","Middle Frame","vivo iQOO U6",3,"1"
"MPF-MF-0162","MF-0162","Middle Frame","vivo Y52t",3,"1"
"MPF-MF-0163","MF-0163","Middle Frame","Oppo A16",3,"1"
"MPF-MF-0164","MF-0164","Middle Frame","Honor Play 20",2,"1"
"MPF-MF-0165","MF-0165","Middle Frame","Huawei Enjoy 50z",2,"1"
"MPF-MF-0166","MF-0166","Middle Frame","Lava Blaze",3,"1"
"MPF-MF-0167","MF-0167","Middle Frame","Tecno Spark 7T",2,"1"
"MPF-MF-0168","MF-0168","Middle Frame","Nokia C21 Plus",3,"1"
"MPF-MF-0169","MF-0169","Middle Frame","Tecno Pop 5 LTE",2,"1"
"MPF-MF-0170","MF-0170","Middle Frame","ZTE Blade A71",2,"1"
"MPF-MF-0171","MF-0171","Middle Frame","Tecno Spark 6 Go",3,"1"
"MPF-MF-0172","MF-0172","Middle Frame","HMD Arc",3,"1"
"MPF-MF-0173","MF-0173","Middle Frame","Tecno Pop 3 Plus",2,"1"
"MPF-MF-0174","MF-0174","Middle Frame","Huawei Mate 30 Pro",4,"1"
"MPF-MF-0175","MF-0175","Middle Frame","Oppo A9",2,"1"
"MPF-MF-0176","MF-0176","Middle Frame","vivo Y50t",4,"1"
"MPF-MF-0177","MF-0177","Middle Frame","Xiaomi Redmi 10X 4G",2,"1"
"MPF-MF-0178","MF-0178","Middle Frame","Infinix S5 Pro",3,"1"
"MPF-MF-0179","MF-0179","Middle Frame","vivo Z1 Pro",3,"1"
"MPF-MF-0180","MF-0180","Middle Frame","ZTE Axon 11 SE 5G",2,"1"
"MPF-MF-0181","MF-0181","Middle Frame","Honor 400 (China)",2,"1"
"MPF-MF-0182","MF-0182","Middle Frame","Honor 500",2,"1"
"MPF-MF-0183","MF-0183","Middle Frame","Xiaomi Civi",2,"1"
"MPF-MF-0184","MF-0184","Middle Frame","Xiaomi 14 Civi",2,"1"
"MPF-MF-0185","MF-0185","Middle Frame","Xiaomi 12 Lite NE",3,"1"
"MPF-MF-0186","MF-0186","Middle Frame","Oppo Find X3 Neo",3,"1"
"MPF-MF-0187","MF-0187","Middle Frame","OnePlus 8",3,"1"
"MPF-MF-0188","MF-0188","Middle Frame","Xiaomi 11 Lite 5G NE",3,"1"
"MPF-MF-0189","MF-0189","Middle Frame","Oppo Reno6 Pro 5G (Snapdragon)",2,"1"
"MPF-MF-0190","MF-0190","Middle Frame","OnePlus 8T",2,"1"
"MPF-MF-0191","MF-0191","Middle Frame","vivo Y22",3,"1"
"MPF-MF-0192","MF-0192","Middle Frame","vivo X60 Pro",3,"1"
"MPF-MF-0193","MF-0193","Middle Frame","vivo X50 Pro",2,"1"
"MPF-MF-0194","MF-0194","Middle Frame","vivo S15 Pro",2,"1"
"MPF-MF-0195","MF-0195","Middle Frame","vivo X60 Pro+",2,"1"
"MPF-MF-0196","MF-0196","Middle Frame","vivo X60",3,"1"
"MPF-MF-0197","MF-0197","Middle Frame","vivo X50",2,"1"
"MPF-MF-0198","MF-0198","Middle Frame","Motorola Moto G04",5,"1"
"MPF-MF-0199","MF-0199","Middle Frame","vivo G2",4,"1"
"MPF-MF-0200","MF-0200","Middle Frame","OnePlus Nord N20 SE",5,"1"
"MPF-MF-0201","MF-0201","Middle Frame","OnePlus Nord N300",9,"1"
"MPF-MF-0202","MF-0202","Middle Frame","Honor Play9A",3,"1"
"MPF-MF-0203","MF-0203","Middle Frame","Oppo A6 Pro",5,"1"
"MPF-MF-0204","MF-0204","Middle Frame","Oppo Reno15 F",3,"1"
"MPF-MF-0205","MF-0205","Middle Frame","Honor 30 Pro",2,"1"
"MPF-MF-0206","MF-0206","Middle Frame","Honor V40 Lite",3,"1"
"MPF-MF-0207","MF-0207","Middle Frame","Honor V30",3,"1"
"MPF-MF-0208","MF-0208","Middle Frame","Honor Play4 Pro",3,"1"
"MPF-MF-0209","MF-0209","Middle Frame","Xiaomi Mi 10 Lite Zoom",2,"1"
"MPF-MF-0210","MF-0210","Middle Frame","Realme X50 5G",2,"1"
"MPF-MF-0211","MF-0211","Middle Frame","Xiaomi Redmi 10X 5G",2,"1"
"MPF-MF-0212","MF-0212","Middle Frame","Huawei P40 Pro",2,"1"
"MPF-MF-0213","MF-0213","Middle Frame","Xiaomi Redmi 10 Prime+ 5G",2,"1"
"MPF-MF-0214","MF-0214","Middle Frame","vivo Y74s",3,"1"
"MPF-MF-0215","MF-0215","Middle Frame","vivo iQOO U3",5,"1"
"MPF-MF-0216","MF-0216","Middle Frame","vivo T1x (India)",6,"1"
"MPF-MF-0217","MF-0217","Middle Frame","Xiaomi Poco F8 Pro",2,"1"
"MPF-MF-0218","MF-0218","Middle Frame","Xiaomi Poco X8 Pro",2,"1"
"MPF-MF-0219","MF-0219","Middle Frame","Oppo Reno 15c",2,"1"
"MPF-MF-0220","MF-0220","Middle Frame","Oppo Reno13",2,"1"
"MPF-MF-0221","MF-0221","Middle Frame","Honor 9X (China)",3,"1"
"MPF-MF-0222","MF-0222","Middle Frame","vivo NEX A",2,"1"
"MPF-MF-0223","MF-0223","Middle Frame","Oppo A96",2,"11"
"MPF-MF-0224","MF-0224","Middle Frame","Oppo K10 Energy",2,"0"
"MPF-MF-0225","MF-0225","Middle Frame","OnePlus Ace Racing",2,"1"
"MPF-MF-0226","MF-0226","Middle Frame","OnePlus Nord 2 Lite",3,"1"
"MPF-MF-0227","MF-0227","Middle Frame","Asus ROG Phone 3",2,"1"
"MPF-MF-0228","MF-0228","Middle Frame","Honor 600 Lite",2,"1"
"MPF-MF-0229","MF-0229","Middle Frame","Honor Play 5T Pro",4,"1"
"MPF-MF-0230","MF-0230","Middle Frame","Oppo Reno 10x zoom",2,"1"
"MPF-MF-0231","MF-0231","Middle Frame","Tecno Camon 15 Premier",2,"1"
"MPF-MF-0232","MF-0232","Middle Frame","Xiaomi Poco X3 GT",2,"1"
"MPF-MF-0233","MF-0233","Middle Frame","Oppo A97",2,"1"
"MPF-MF-0234","MF-0234","Middle Frame","Realme 6 Pro",3,"1"
"MPF-MF-0235","MF-0235","Middle Frame","Realme 8i",2,"1"
"MPF-MF-0236","MF-0236","Middle Frame","itel S23",2,"1"
"MPF-MF-0237","MF-0237","Middle Frame","Realme 9 5G",4,"1"
"MPF-MF-0238","MF-0238","Middle Frame","Realme 10 5G",4,"1"
"MPF-MF-0239","MF-0239","Middle Frame","Samsung Galaxy A42 5G",2,"1"
"MPF-MF-0240","MF-0240","Middle Frame","Tecno Spark 8P",2,"1"
"MPF-MF-0241","MF-0241","Middle Frame","Tecno Camon 15 Air",3,"1"
"MPF-MF-0242","MF-0242","Middle Frame","Infinix Hot 12i",2,"1"
"MPF-MF-0243","MF-0243","Middle Frame","Tecno Spark 5",2,"1"
"MPF-MF-0244","MF-0244","Middle Frame","Huawei nova Y60",3,"1"
"MPF-MF-0245","MF-0245","Middle Frame","Infinix Hot 9",2,"1"
"MPF-MF-0246","MF-0246","Middle Frame","Huawei Mate 30",2,"1"
"MPF-MF-0247","MF-0247","Middle Frame","Honor Play 60",3,"1"
"MPF-MF-0248","MF-0248","Middle Frame","vivo S16e",3,"1"
"MPF-MF-0249","MF-0249","Middle Frame","vivo iQOO Neo 6",4,"1"
"MPF-MF-0250","MF-0250","Middle Frame","Realme GT Neo 3T",4,"1"
"MPF-MF-0251","MF-0251","Middle Frame","vivo iQOO 7 (India)",2,"1"
"MPF-MF-0252","MF-0252","Middle Frame","vivo iQOO 9 SE",2,"1"
"MPF-MF-0253","MF-0253","Middle Frame","vivo Y100i",10,"1"
"MPF-MF-0254","MF-0254","Middle Frame","vivo iQOO Z7 (China)",6,"1"
"MPF-MF-0255","MF-0255","Middle Frame","ZTE nubia Play",4,"1"
"MPF-MF-0256","MF-0256","Middle Frame","Lenovo Legion Duel",2,"1"
"MPF-MF-0257","MF-0257","Middle Frame","ZTE nubia RedMagic 5G",2,"1"
"MPF-MF-0258","MF-0258","Middle Frame","vivo X200s",2,"1"
"MPF-MF-0259","MF-0259","Middle Frame","Xiaomi Poco F7 Pro",4,"1"
"MPF-MF-0260","MF-0260","Middle Frame","Xiaomi 14T Pro",2,"1"
"MPF-MF-0261","MF-0261","Middle Frame","Xiaomi Poco F6 Pro",3,"1"
"MPF-MF-0262","MF-0262","Middle Frame","Huawei P60",3,"1"
"MPF-MF-0263","MF-0263","Middle Frame","Motorola Moto G86",2,"1"
"MPF-MF-0264","MF-0264","Middle Frame","Honor 60",2,"1"
"MPF-MF-0265","MF-0265","Middle Frame","Realme 13+",4,"1"
"MPF-MF-0266","MF-0266","Middle Frame","ZTE A41 Ultra",2,"1"
"MPF-MF-0267","MF-0267","Middle Frame","Honor 50 Lite",3,"1"
"MPF-MF-0268","MF-0268","Middle Frame","Xiaomi Poco F3 GT",2,"1"
"MPF-MF-0269","MF-0269","Middle Frame","Oppo Reno13 F",2,"1"
"MPF-MF-0270","MF-0270","Middle Frame","Xiaomi 13T Pro",3,"1"
"MPF-MF-0271","MF-0271","Middle Frame","Honor 80 Pro Flat",3,"1"
"MPF-MF-0272","MF-0272","Middle Frame","vivo S18e",6,"1"
"MPF-MF-0273","MF-0273","Middle Frame","Lava Blaze Duo",3,"1"
"MPF-MF-0274","MF-0274","Middle Frame","Huawei nova 10 SE",3,"1"
"MPF-MF-0275","MF-0275","Middle Frame","Xiaomi Mi 10 5G",2,"1"
"MPF-MF-0276","MF-0276","Middle Frame","Xiaomi Black Shark 4S",4,"1"
"MPF-MF-0277","MF-0277","Middle Frame","Infinix GT 10 Pro",4,"1"
"MPF-MF-0278","MF-0278","Middle Frame","OnePlus 7 Pro",3,"1"
"MPF-MF-0279","MF-0279","Middle Frame","OnePlus Nord CE4 Lite",3,"1"
"MPF-MF-0280","MF-0280","Middle Frame","ZTE Axon 40 Pro",2,"1"
"MPF-MF-0281","MF-0281","Middle Frame","Realme 12 4G",6,"1"
"MPF-MF-0282","MF-0282","Middle Frame","Xiaomi 12T",3,"1"
"MPF-MF-0283","MF-0283","Middle Frame","Oppo Reno12 F",2,"1"
"MPF-MF-0284","MF-0284","Middle Frame","Realme Neo7x",2,"1"
"MPF-MF-0285","MF-0285","Middle Frame","Xiaomi Redmi K50",3,"1"
"MPF-MF-0286","MF-0286","Middle Frame","vivo V40 Lite (IDN)",5,"1"
"MPF-MF-0287","MF-0287","Middle Frame","Lava Blaze Amoled 2",3,"1"
"MPF-MF-0288","MF-0288","Middle Frame","ZTE Axon 40 SE",3,"1"
"MPF-MF-0289","MF-0289","Middle Frame","Tecno Camon 20",2,"1"
"MPF-MF-0290","MF-0290","Middle Frame","Xiaomi Black Shark 4",2,"1"
"MPF-MF-0291","MF-0291","Middle Frame","Xiaomi 11T",2,"1"
"MPF-MF-0292","MF-0292","Middle Frame","Infinix Zero X",2,"1"
"MPF-MF-0293","MF-0293","Middle Frame","Oppo A5 Energy",3,"1"
"MPF-MF-0294","MF-0294","Middle Frame","vivo iQOO Neo5 SE",3,"1"
"MPF-MF-0295","MF-0295","Middle Frame","Xiaomi Mi 10T 5G",3,"1"
"MPF-MF-0296","MF-0296","Middle Frame","Asus Zenfone 7",2,"1"
"MPF-MF-0297","MF-0297","Middle Frame","Xiaomi Mi 10i 5G",3,"1"
"MPF-MF-0298","MF-0298","Middle Frame","Tecno Pova 6 Neo 5G",2,"1"
"MPF-MF-0299","MF-0299","Middle Frame","Infinix Smart 10",7,"1"
"MPF-MF-0300","MF-0300","Middle Frame","Oppo A3",7,"1"
"MPF-MF-0301","MF-0301","Middle Frame","Oppo A3 4G",4,"1"
"MPF-MF-0302","MF-0302","Middle Frame","Realme C71",2,"1"
"MPF-MF-0303","MF-0303","Middle Frame","Xiaomi Black Shark 3",2,"1"
"MPF-MF-0304","MF-0304","Middle Frame","Huawei Enjoy 90",4,"1"
"MPF-MF-0305","MF-0305","Middle Frame","vivo Y29 4G",3,"1"
"MPF-MF-0306","MF-0306","Middle Frame","vivo Y200+",3,"1"
"MPF-MF-0307","MF-0307","Middle Frame","vivo Y21d",2,"1"
"MPF-MF-0308","MF-0308","Middle Frame","vivo Y19s 4G",3,"1"
"MPF-MF-0309","MF-0309","Middle Frame","Apple iPhone 12 Pro Max",2,"1"
"MPF-MF-0310","MF-0310","Middle Frame","Honor 400 Lite",2,"1"
"MPF-MF-0311","MF-0311","Middle Frame","Honor 300",4,"1"
"MPF-MF-0312","MF-0312","Middle Frame","Apple iPhone 15 Plus",2,"1"
"MPF-MF-0313","MF-0313","Middle Frame","Honor X8b",5,"1"
"MPF-MF-0314","MF-0314","Middle Frame","Huawei nova 12 Lite",2,"1"
"MPF-MF-0315","MF-0315","Middle Frame","Realme 14 Pro Lite",2,"1"
"MPF-MF-0316","MF-0316","Middle Frame","Oppo Reno8 Pro",2,"1"
"MPF-MF-0317","MF-0317","Middle Frame","Oppo Reno12 (China)",2,"1"
"MPF-MF-0318","MF-0318","Middle Frame","Realme 12 Pro",3,"1"
"MPF-MF-0319","MF-0319","Middle Frame","Huawei Mate 50",2,"1"
"MPF-MF-0320","MF-0320","Middle Frame","Oppo A5 Pro (China)",2,"1"
"MPF-MF-0321","MF-0321","Middle Frame","Samsung Galaxy Note20",2,"1"
"MPF-MF-0322","MF-0322","Middle Frame","Oppo A5 (China)",2,"1"
"MPF-MF-0323","MF-0323","Middle Frame","Samsung Galaxy S20+",2,"1"
"MPF-MF-0324","MF-0324","Middle Frame","Motorola Edge 50 Fusion",2,"1"
"MPF-MF-0325","MF-0325","Middle Frame","Oppo A1 Pro",2,"1"
"MPF-MF-0326","MF-0326","Middle Frame","Oppo Reno9 Pro",2,"1"
"MPF-MF-0327","MF-0327","Middle Frame","Motorola Moto G Stylus (2026)",3,"1"
"MPF-MF-0328","MF-0328","Middle Frame","Oppo Reno10",2,"1"
"MPF-MF-0329","MF-0329","Middle Frame","Samsung Galaxy A Quantum",2,"1"
"MPF-MF-0330","MF-0330","Middle Frame","OnePlus Nord CE4",3,"1"
"MPF-MF-0331","MF-0331","Middle Frame","Samsung Galaxy A36",2,"1"
"MPF-MF-0332","MF-0332","Middle Frame","Motorola Edge 30 Pro",2,"1"
"MPF-MF-0333","MF-0333","Middle Frame","Motorola Edge 20",2,"1"
"MPF-MF-0334","MF-0334","Middle Frame","Huawei nova 13i",3,"1"
"MPF-MF-0335","MF-0335","Middle Frame","Honor X8",3,"1"
"MPF-MF-0336","MF-0336","Middle Frame","Realme GT Neo 3",2,"1"
"MPF-MF-0337","MF-0337","Middle Frame","Oppo Find X3",2,"1"
"MPF-MF-0338","MF-0338","Middle Frame","Samsung Galaxy C55",4,"1"
"MPF-MF-0339","MF-0339","Middle Frame","Samsung Galaxy F62",3,"1"
"MPF-MF-0340","MF-0340","Middle Frame","Infinix Note 11",3,"1"
"MPF-MF-0341","MF-0341","Middle Frame","Infinix Note 12 (2023)",2,"1"
"MPF-MF-0342","MF-0342","Middle Frame","Samsung Galaxy A70",2,"1"
"MPF-MF-0343","MF-0343","Middle Frame","Infinix Note 12 5G",2,"1"
"MPF-MF-0344","MF-0344","Middle Frame","Samsung Galaxy F54",2,"1"
"MPF-MF-0345","MF-0345","Middle Frame","Motorola Moto G 5G",2,"1"
"MPF-MF-0346","MF-0346","Middle Frame","Samsung Galaxy A07",7,"1"
"MPF-MF-0347","MF-0347","Middle Frame","Huawei nova 8 Pro 4G",2,"1"
"MPF-MF-0348","MF-0348","Middle Frame","Realme 12 Lite",2,"1"
"MPF-MF-0349","MF-0349","Middle Frame","Realme 12",4,"1"
"MPF-MF-0350","MF-0350","Middle Frame","Motorola Moto G15",4,"1"
"MPF-MF-0351","MF-0351","Middle Frame","Realme C75 4G",3,"1"
"MPF-MF-0352","MF-0352","Middle Frame","Xiaomi 14 Pro",2,"1"
"MPF-MF-0353","MF-0353","Middle Frame","Xiaomi 15 Pro",2,"1"
"MPF-MF-0354","MF-0354","Middle Frame","Xiaomi 12 Pro",3,"1"
"MPF-MF-0355","MF-0355","Middle Frame","Huawei Mate 50 Pro",2,"1"
"MPF-MF-0356","MF-0356","Middle Frame","Samsung Galaxy F56",2,"1"
"MPF-MF-0357","MF-0357","Middle Frame","Realme GT5",2,"1"
"MPF-MF-0358","MF-0358","Middle Frame","Realme GT Neo 5",4,"1"
"MPF-MF-0359","MF-0359","Middle Frame","Honor Play10A",5,"1"
"MPF-MF-0360","MF-0360","Middle Frame","Realme Narzo 80 Lite",5,"1"
"MPF-MF-0361","MF-0361","Middle Frame","Realme Narzo N61",3,"1"
"MPF-MF-0362","MF-0362","Middle Frame","vivo iQOO Z10 Lite",8,"1"
"MPF-MF-0363","MF-0363","Middle Frame","vivo Y05",5,"1"
"MPF-MF-0364","MF-0364","Middle Frame","Honor Play 40 Plus",2,"1"
"MPF-MF-0365","MF-0365","Middle Frame","Lava Bold N1 4G",3,"1"
"MPF-MF-0366","MF-0366","Middle Frame","Huawei Mate 80",2,"1"
"MPF-MF-0367","MF-0367","Middle Frame","vivo Y31d",6,"1"
"MPF-MF-0368","MF-0368","Middle Frame","ZTE Blade V80 Design",2,"1"
"MPF-MF-0369","MF-0369","Middle Frame","Honor Play 60A",3,"1"
"MPF-MF-0370","MF-0370","Middle Frame","Coolpad C16",2,"1"
"MPF-MF-0371","MF-0371","Middle Frame","Huawei nova Y70 Plus",2,"1"
"MPF-MF-0372","MF-0372","Middle Frame","Huawei Enjoy 70",3,"1"
"MPF-MF-0373","MF-0373","Middle Frame","Huawei Enjoy 60",3,"1"
"MPF-MF-0374","MF-0374","Middle Frame","Huawei Mate 40 Pro",4,"1"
"MPF-MF-0375","MF-0375","Middle Frame","Honor Magic3",3,"1"
"MPF-MF-0376","MF-0376","Middle Frame","vivo iQOO Z11x",3,"1"
"MPF-MF-0377","MF-0377","Middle Frame","Huawei nova 12 Pro",2,"1"
"MPF-MF-0378","MF-0378","Middle Frame","vivo T4R",2,"1"
"MPF-MF-0379","MF-0379","Middle Frame","Realme P4",2,"1"
"MPF-MF-0380","MF-0380","Middle Frame","OnePlus Ace 5 Racing",2,"1"
"MPF-MF-0381","MF-0381","Middle Frame","Nothing Phone (3a)",2,"1"
"MPF-MF-0382","MF-0382","Middle Frame","vivo T4 Pro",3,"1"
"MPF-MF-0383","MF-0383","Middle Frame","Nothing CMF Phone 2 Pro",2,"1"
"MPF-MF-0384","MF-0384","Middle Frame","Xiaomi Poco M8",4,"1"
"MPF-MF-0385","MF-0385","Middle Frame","Honor 400 Smart",7,"1"
"MPF-MF-0386","MF-0386","Middle Frame","Oppo Find X9 Pro",3,"1"
"MPF-MF-0387","MF-0387","Middle Frame","OnePlus Ace 5",3,"1"
"MPF-MF-0388","MF-0388","Middle Frame","Infinix Note 60",3,"1"
"MPF-MF-0389","MF-0389","Middle Frame","Tecno Camon 50 Pro",3,"1"
"MPF-MF-0390","MF-0390","Middle Frame","OnePlus Nord 6",3,"1"
"MPF-MF-0391","MF-0391","Middle Frame","Realme GT 7 Pro",2,"1"
"MPF-MF-0392","MF-0392","Middle Frame","vivo iQOO Neo10 (China)",2,"1"
"MPF-MF-0393","MF-0393","Middle Frame","Honor Magic7 Lite",3,"1"
"MPF-MF-0394","MF-0394","Middle Frame","Infinix Note 50 4G",2,"1"
"MPF-MF-0395","MF-0395","Middle Frame","vivo iQOO Neo9 Pro (China)",5,"1"
"MPF-MF-0396","MF-0396","Middle Frame","Honor Magic6 Lite",5,"1"
"MPF-MF-0397","MF-0397","Middle Frame","Infinix GT 30",2,"1"
"MPF-MF-0398","MF-0398","Middle Frame","vivo iQOO Z10 Turbo Pro",9,"1"
"MPF-MF-0399","MF-0399","Middle Frame","Honor 300 Pro",2,"1"
"MPF-MF-0400","MF-0400","Middle Frame","Honor 70 Pro",2,"1"
"MPF-MF-0401","MF-0401","Middle Frame","Huawei Enjoy 70X",2,"1"
"MPF-MF-0402","MF-0402","Middle Frame","Tecno Pova Slim",2,"1"
"MPF-MF-0403","MF-0403","Middle Frame","vivo S17e",2,"1"
"MPF-MF-0404","MF-0404","Middle Frame","Huawei nova 11 Pro",2,"1"
"MPF-MF-0405","MF-0405","Middle Frame","Motorola Moto G67",2,"1"
"MPF-MF-0406","MF-0406","Middle Frame","Tecno Camon 40 Pro",3,"1"
"MPF-MF-0407","MF-0407","Middle Frame","vivo V29 Lite",3,"1"
"MPF-MF-0408","MF-0408","Middle Frame","vivo V29e (India)",4,"1"
"MPF-MF-0409","MF-0409","Middle Frame","Huawei nova 10 Youth",3,"1"
"MPF-MF-0410","MF-0410","Middle Frame","vivo iQOO Neo8",2,"1"
"MPF-MF-0411","MF-0411","Middle Frame","vivo iQOO 8 Pro",2,"1"
"MPF-MF-0412","MF-0412","Middle Frame","vivo iQOO 11",2,"1"
"MPF-MF-0413","MF-0413","Middle Frame","vivo iQOO Neo7 (China)",5,"1"
"MPF-MF-0414","MF-0414","Middle Frame","Infinix Hot 30 5G",3,"1"
"MPF-MF-0415","MF-0415","Middle Frame","Honor Magic8 Lite",3,"1"
"MPF-MF-0416","MF-0416","Middle Frame","Realme GT 8 Pro 5G (China)",2,"1"
"MPF-MF-0417","MF-0417","Middle Frame","Realme 15 (India)",5,"1"
"MPF-MF-0418","MF-0418","Middle Frame","Honor Magic6 Pro",3,"1"
"MPF-MF-0419","MF-0419","Middle Frame","Realme GT 7T",2,"1"
"MPF-MF-0420","MF-0420","Middle Frame","Honor Magic7 Pro",2,"1"
"MPF-MF-0421","MF-0421","Middle Frame","Huawei Pura 70 Pro",3,"1"
"MPF-MF-0422","MF-0422","Middle Frame","Oppo A6 GT",2,"1"
"MPF-MF-0423","MF-0423","Middle Frame","Huawei Pura 80 Pro",3,"1"
"MPF-MF-0424","MF-0424","Middle Frame","Oppo K13 Turbo",2,"1"
"MPF-MF-0425","MF-0425","Middle Frame","ZTE Axon 40 Ultra",2,"1"
"MPF-MF-0426","MF-0426","Middle Frame","ZTE nubia Z50 Ultra",2,"1"
"MPF-MF-0427","MF-0427","Middle Frame","ZTE nubia Z60 Ultra",2,"1"
"MPF-MF-0428","MF-0428","Middle Frame","Huawei Enjoy 60 Pro",2,"1"
"MPF-MF-0429","MF-0429","Middle Frame","Tecno Phantom X2",2,"1"
"MPF-MF-0430","MF-0430","Middle Frame","Realme C85 5G",2,"1"
"MPF-MF-0431","MF-0431","Middle Frame","Honor X60",2,"1"
"MPF-MF-0432","MF-0432","Middle Frame","Honor 90 Smart",6,"1"
"MPF-MF-0433","MF-0433","Middle Frame","Tecno Camon 18",3,"1"
"MPF-MF-0434","MF-0434","Middle Frame","ZTE nubia RedMagic 6",4,"1"
"MPF-MF-0435","MF-0435","Middle Frame","Tecno Camon 16",2,"1"
"MPF-MF-0436","MF-0436","Middle Frame","Honor Magic5 Pro",2,"1"
"MPF-MF-0437","MF-0437","Middle Frame","Xiaomi Mi 11 Ultra",3,"1"
"MPF-MF-0438","MF-0438","Middle Frame","Honor Magic4 Pro",2,"1"
"MPF-MF-0439","MF-0439","Middle Frame","Nokia 8 V 5G UW",2,"1"
"MPF-MF-0440","MF-0440","Middle Frame","vivo iQOO 13",3,"1"
"MPF-MF-0441","MF-0441","Middle Frame","Huawei Mate 60 Pro",3,"1"
"MPF-MF-0442","MF-0442","Middle Frame","Oppo Find X8 Ultra",2,"1"
"MPF-MF-0443","MF-0443","Middle Frame","Xiaomi Poco F7",3,"1"
"MPF-MF-0444","MF-0444","Middle Frame","Honor Win",2,"1"
"MPF-MF-0445","MF-0445","Middle Frame","OnePlus Ace 6T",6,"1"
"MPF-MF-0446","MF-0446","Middle Frame","Huawei nova 15 Pro",2,"1"
"MPF-MF-0447","MF-0447","Middle Frame","ZTE nubia RedMagic 11 Air",4,"1"
"MPF-MF-0448","MF-0448","Middle Frame","Motorola Moto G06",2,"1"
"MPF-MF-0449","MF-0449","Middle Frame","vivo NEX 3",3,"1"
"MPF-MF-0450","MF-0450","Middle Frame","Xiaomi Poco F8 Ultra",2,"1"
"MPF-MF-0451","MF-0451","Middle Frame","Xiaomi 17 Pro Max",3,"1"
"MPF-MF-0452","MF-0452","Middle Frame","Huawei Mate 80 Pro Max",3,"1"
"MPF-MF-0453","MF-0453","Middle Frame","Samsung Galaxy S20 Ultra",2,"1"
"MPF-MF-0454","MF-0454","Middle Frame","Samsung Galaxy Note20 Ultra",2,"1"
"MPF-MF-0455","MF-0455","Middle Frame","Huawei Mate 70 Pro",3,"1"
"MPF-MF-0456","MF-0456","Middle Frame","Motorola Razr 40",2,"1"
"MPF-MF-0457","MF-0457","Middle Frame","Motorola Razr+ 2024",3,"1"
"MPF-MF-0458","MF-0458","Middle Frame","Motorola Razr 2024",6,"1"
"MPF-MF-0459","MF-0459","Middle Frame","Xiaomi Poco C85 4G",7,"1"
"MPF-MF-0460","MF-0460","Middle Frame","Xiaomi Poco C85",2,"1"
"MPF-MF-0461","MF-0461","Middle Frame","ZTE Axon 30 5G",2,"1"
"MPF-MF-0462","MF-0462","Middle Frame","ZTE Axon 20 4G",2,"1"
"MPF-MF-0463","MF-0463","Middle Frame","Huawei Enjoy 60X",3,"1"
"MPF-MF-0464","MF-0464","Middle Frame","Infinix Note 10 Pro",2,"1"
"MPF-MF-0465","MF-0465","Middle Frame","Infinix Note 10",2,"1"
"MPF-MF-0466","MF-0466","Middle Frame","Infinix Note 11 Pro",2,"1"
"MPF-MF-0467","MF-0467","Middle Frame","Motorola Razr 60 Ultra",2,"1"
"MPF-MF-0468","MF-0468","Middle Frame","Tecno Pouvoir 4",3,"1"
"MPF-MF-0469","MF-0469","Middle Frame","Honor X10 Max 5G",2,"1"
"MPF-MF-0470","MF-0470","Middle Frame","Xiaomi Mi Max 4",2,"1"
"MPF-MF-0471","MF-0471","Middle Frame","Huawei Mate 20 X",2,"1"
"MPF-MF-0472","MF-0472","Middle Frame","Samsung Galaxy Fold",2,"1"
"MPF-MF-0473","MF-0473","Middle Frame","vivo IQOO Pad5",3,"1"
"MPF-MF-0474","MF-0474","Middle Frame","vivo IQOO Pad5 Pro",2,"1"
"MPF-MF-0475","MF-0475","Middle Frame","Coolpad Cool 10",2,"1"
"MPF-MF-0476","MF-0476","Middle Frame","Coolpad CP12 Neo",3,"1"
"MPF-MF-0477","MF-0477","Middle Frame","Coolpad Cool 20",2,"1"
"MPF-MF-0478","MF-0478","Middle Frame","Infinix Smart 4",2,"1"
"MPF-MF-0479","MF-0479","Middle Frame","Samsung Galaxy A31",2,"1"
"MPF-MF-0480","MF-0480","Middle Frame","Google Pixel 8",2,"1"
"MPF-MF-0481","MF-0481","Middle Frame","ZTE Blade A54",2,"1"
"MPF-MF-0482","MF-0482","Middle Frame","Nokia 3.4",2,"1"
"MPF-MF-0483","MF-0483","Middle Frame","Lenovo Tab P11",7,"1"
"MPF-MF-0484","MF-0484","Middle Frame","Motorola Moto E6i",2,"1"
"MPF-MF-0485","MF-0485","Middle Frame","Motorola Moto G100",4,"1"
"MPF-MF-0486","MF-0486","Middle Frame","Honor 9A",5,"1"
"MPF-MF-0487","MF-0487","Middle Frame","Huawei P Smart S",4,"1"
"MPF-MF-0488","MF-0488","Middle Frame","Honor 8S",4,"1"
"MPF-MF-0489","MF-0489","Middle Frame","Honor Play 3",6,"1"
"MPF-MF-0490","MF-0490","Middle Frame","Honor 7C",3,"1"
"MPF-MF-0491","MF-0491","Middle Frame","Samsung Galaxy A50",3,"1"
"MPF-MF-0492","MF-0492","Middle Frame","Samsung Galaxy A52",3,"1"
"MPF-MF-0493","MF-0493","Middle Frame","Xiaomi Redmi Note 11T 5G",4,"1"
"MPF-MF-0494","MF-0494","Middle Frame","Oppo K3",4,"1"
"MPF-MF-0495","MF-0495","Middle Frame","Oppo F9 (F9 Pro)",3,"1"
"MPF-MF-0496","MF-0496","Middle Frame","Realme 11 Pro+",2,"1"
"MPF-MF-0497","MF-0497","Middle Frame","Xiaomi Redmi 10",5,"1"
"MPF-MF-0498","MF-0498","Middle Frame","Realme GT 5G",6,"1"
"MPF-MF-0499","MF-0499","Middle Frame","OnePlus Nord 3",2,"1"
"MPF-MF-0500","MF-0500","Middle Frame","OnePlus 10T",2,"1"
"MPF-MF-0501","MF-0501","Middle Frame","Oppo R5",2,"1"
"MPF-MF-0502","MF-0502","Middle Frame","vivo T2 (India)",4,"1"
"MPF-MF-0503","MF-0503","Middle Frame","vivo T3x",5,"1"
"MPF-MF-0504","MF-0504","Middle Frame","vivo T4x",4,"1"
"MPF-MF-0505","MF-0505","Middle Frame","Oppo Reno12",2,"1"
"MPF-MF-0506","MF-0506","Middle Frame","Realme 11x",6,"1"
"MPF-MF-0507","MF-0507","Middle Frame","Infinix Hot 11s",2,"1"
"MPF-MF-0508","MF-0508","Middle Frame","ZTE Axon 10 Pro",3,"1"
"MPF-MF-0509","MF-0509","Middle Frame","ZTE nubia Z70 Ultra",2,"1"
"MPF-MF-0510","MF-0510","Middle Frame","ZTE nubia RedMagic 7 Pro",2,"1"
"MPF-MF-0511","MF-0511","Middle Frame","ZTE nubia RedMagic 7",2,"1"
"MPF-MF-0512","MF-0512","Middle Frame","ZTE nubia RedMagic 8 Pro",4,"1"
"MPF-MF-0513","MF-0513","Middle Frame","Nokia C31",3,"1"
"MPF-MF-0514","MF-0514","Middle Frame","Nokia C02",4,"1"
"MPF-MF-0515","MF-0515","Middle Frame","Nokia C10",3,"1"
"MPF-MF-0516","MF-0516","Middle Frame","Motorola Edge (2021)",2,"1"
"MPF-MF-0517","MF-0517","Middle Frame","Motorola Edge 60",5,"1"
"MPF-MF-0518","MF-0518","Middle Frame","Motorola Edge 20 Lite",2,"1"
"MPF-MF-0519","MF-0519","Middle Frame","Motorola Moto G Stylus 5G (2024)",2,"1"
"MPF-MF-0520","MF-0520","Middle Frame","Motorola Moto G Play (2023)",2,"1"
"MPF-MF-0521","MF-0521","Middle Frame","Motorola Moto G Play (2026)",2,"1"
"MPF-MF-0522","MF-0522","Middle Frame","Infinix Note 8i",2,"1"
"MPF-MF-0523","MF-0523","Middle Frame","Oppo F27 Pro+",4,"1"
"MPF-MF-0524","MF-0524","Middle Frame","Oppo Reno5 F",4,"1"
"MPF-MF-0525","MF-0525","Middle Frame","vivo Y53s",7,"1"
"MPF-MF-0526","MF-0526","Middle Frame","vivo Y81",4,"1"
"MPF-MF-0527","MF-0527","Middle Frame","vivo X100",2,"1"
"MPF-MF-0528","MF-0528","Middle Frame","vivo T3",8,"1"
"MPF-MF-0529","MF-0529","Middle Frame","vivo V29",4,"1"
"MPF-MF-0530","MF-0530","Middle Frame","vivo T1 Pro",4,"1"
"MPF-MF-0531","MF-0531","Middle Frame","Honor Magic Vs",2,"1"
"MPF-MF-0532","MF-0532","Middle Frame","Honor X40",3,"1"
"MPF-MF-0533","MF-0533","Middle Frame","Honor 70 Lite",5,"1"
"MPF-MF-0534","MF-0534","Middle Frame","Honor 90 Lite",5,"1"
"MPF-MF-0535","MF-0535","Middle Frame","Honor X7",3,"1"
"MPF-MF-0536","MF-0536","Middle Frame","Honor X9 5G",5,"1"
"MPF-MF-0537","MF-0537","Middle Frame","Lenovo A7000",3,"1"
"MPF-MF-0538","MF-0538","Middle Frame","Lenovo A6000",3,"1"
"MPF-MF-0539","MF-0539","Middle Frame","Lenovo Vibe K5",2,"1"
"MPF-MF-0540","MF-0540","Middle Frame","Lenovo K10 Plus",2,"1"
"MPF-MF-0541","MF-0541","Middle Frame","Lenovo K10 Note",2,"1"
"MPF-MF-0542","MF-0542","Middle Frame","Lenovo K12 Pro",2,"1"
"MPF-MF-0543","MF-0543","Middle Frame","Lenovo K13",3,"1"
"MPF-MF-0544","MF-0544","Middle Frame","Huawei Enjoy 20 Plus 5G",2,"1"
"MPF-MF-0545","MF-0545","Middle Frame","Honor 20",4,"1"
"MPF-MF-0546","MF-0546","Middle Frame","Honor 20i",2,"1"
"MPF-MF-0547","MF-0547","Middle Frame","Huawei P30 lite",3,"1"
"MPF-MF-0548","MF-0548","Middle Frame","Huawei nova 7 SE",4,"1"
"MPF-MF-0549","MF-0549","Middle Frame","Infinix Smart 6 HD",2,"1"
"MPF-MF-0550","MF-0550","Middle Frame","Infinix Zero 30",2,"1"
"MPF-MF-0551","MF-0551","Middle Frame","Infinix Hot 40 Pro",7,"1"
"MPF-MF-0552","MF-0552","Middle Frame","Infinix GT 20 Pro",2,"1"
"MPF-MF-0553","MF-0553","Middle Frame","Infinix Smart 9",4,"1"
"MPF-MF-0554","MF-0554","Middle Frame","Infinix Note 40 Pro",5,"1"
"MPF-MF-0555","MF-0555","Middle Frame","Infinix Hot 30i",2,"1"
"MPF-MF-0556","MF-0556","Middle Frame","Infinix Smart 5",2,"1"
"MPF-MF-0557","MF-0557","Middle Frame","Infinix Hot 10s",3,"1"
"MPF-MF-0558","MF-0558","Middle Frame","Infinix Smart 7",3,"1"
"MPF-MF-0559","MF-0559","Middle Frame","Lava Yuva 2 Pro",2,"1"
"MPF-MF-0560","MF-0560","Middle Frame","Infinix Zero 8",2,"1"
"MPF-MF-0561","MF-0561","Middle Frame","Infinix Hot 20",4,"1"
"MPF-MF-0562","MF-0562","Middle Frame","Infinix Hot 10 Play",4,"1"
"MPF-MF-0563","MF-0563","Middle Frame","Infinix Hot 12 Play",3,"1"
"MPF-MF-0564","MF-0564","Middle Frame","Oppo A3s",6,"1"
"MPF-MF-0565","MF-0565","Middle Frame","Oppo F25 Pro",3,"1"
"MPF-MF-0566","MF-0566","Middle Frame","Realme 3",2,"1"
"MPF-MF-0567","MF-0567","Middle Frame","Oppo A5s (AX5s)",3,"1"
"MPF-MF-0568","MF-0568","Middle Frame","vivo V70",5,"1"
"MPF-MF-0569","MF-0569","Middle Frame","vivo V27",6,"1"
"MPF-MF-0570","MF-0570","Middle Frame","vivo V30e",4,"1"
"MPF-MF-0571","MF-0571","Middle Frame","vivo V30",4,"1"
"MPF-MF-0572","MF-0572","Middle Frame","vivo V40",6,"1"
"MPF-MF-0573","MF-0573","Middle Frame","Motorola Moto E13",3,"1"
"MPF-MF-0574","MF-0574","Middle Frame","Motorola Moto G73",2,"1"
"MPF-MF-0575","MF-0575","Middle Frame","Motorola Moto G Power (2024)",2,"11"
"MPF-MF-0576","MF-0576","Middle Frame","Motorola Edge 40 Neo",2,"1"
"MPF-MF-0577","MF-0577","Middle Frame","Motorola Edge 50 Pro",2,"1"
"MPF-MF-0578","MF-0578","Middle Frame","OnePlus Nord CE3",2,"1"
"MPF-MF-0579","MF-0579","Middle Frame","OnePlus Nord 4",2,"1"
"MPF-MF-0580","MF-0580","Middle Frame","OnePlus 11R",2,"1"
"MPF-MF-0581","MF-0581","Middle Frame","Realme GT Neo6",4,"1"
"MPF-MF-0582","MF-0582","Middle Frame","OnePlus 12R",5,"1"
"MPF-MF-0583","MF-0583","Middle Frame","OnePlus 12",2,"1"
"MPF-MF-0584","MF-0584","Middle Frame","OnePlus Nord N20 5G",10,"1"
"MPF-MF-0585","MF-0585","Middle Frame","OnePlus Nord CE 2 5G",3,"1"
"MPF-MF-0586","MF-0586","Middle Frame","OnePlus Nord N30 SE",3,"1"
"MPF-MF-0587","MF-0587","Middle Frame","OnePlus 6T",2,"1"
"MPF-MF-0588","MF-0588","Middle Frame","OnePlus 10R",3,"1"
"MPF-MF-0589","MF-0589","Middle Frame","Huawei nova 7i",3,"1"
"MPF-MF-0590","MF-0590","Middle Frame","Huawei Y7a",4,"1"
"MPF-MF-0591","MF-0591","Middle Frame","Google Pixel 9 Pro XL",2,"1"
"MPF-MF-0592","MF-0592","Middle Frame","Google Pixel 7 Pro",2,"1"
"MPF-MF-0593","MF-0593","Middle Frame","Google Pixel 7a",4,"1"
"MPF-MF-0594","MF-0594","Middle Frame","Google Pixel 9",2,"1"
"MPF-MF-0595","MF-0595","Middle Frame","Google Pixel 10",2,"1"
"MPF-MF-0596","MF-0596","Middle Frame","Lenovo Legion Duel 2",2,"1"
"MPF-MF-0597","MF-0597","Middle Frame","Motorola Moto G10 Power",3,"1"
"MPF-MF-0598","MF-0598","Middle Frame","Tecno Spark 4",3,"1"
"MPF-MF-0599","MF-0599","Middle Frame","Nokia G42",2,"1"
"MPF-MF-0600","MF-0600","Middle Frame","Nokia X10",2,"1"
"MPF-MF-0601","MF-0601","Middle Frame","Nokia C32",2,"1"
"MPF-MF-0602","MF-0602","Middle Frame","Nokia G11",2,"1"
"MPF-MF-0603","MF-0603","Middle Frame","Nokia G10",2,"1"
"MPF-MF-0604","MF-0604","Middle Frame","Nothing Phone 2a",2,"1"
"MPF-MF-0605","MF-0605","Middle Frame","Apple iPhone 11",2,"1"
"MPF-MF-0606","MF-0606","Middle Frame","Apple iPhone X",2,"1"
"MPF-MF-0607","MF-0607","Middle Frame","Apple iPhone 7 Plus",2,"1"
"MPF-MF-0608","MF-0608","Middle Frame","Apple iPhone SE (2022)",3,"1"
"MPF-MF-0609","MF-0609","Middle Frame","Apple iPhone 13",7,"1"
"MPF-MF-0610","MF-0610","Middle Frame","Asus Zenfone 9",2,"1"
"MPF-MF-0611","MF-0611","Middle Frame","Asus ROG Phone 5",5,"1"
"MPF-MF-0612","MF-0612","Middle Frame","Asus ROG Phone 6",8,"1"
"MPF-MF-0613","MF-0613","Middle Frame","Asus ROG Phone 8",6,"1"
"MPF-MF-0614","MF-0614","Middle Frame","Samsung Galaxy A35",2,"1"
"MPF-MF-0615","MF-0615","Middle Frame","Samsung Galaxy M14",4,"1"
"MPF-MF-0616","MF-0616","Middle Frame","Samsung Galaxy M16",9,"1"
"MPF-MF-0617","MF-0617","Middle Frame","ZTE Blade V40 Vita",3,"1"
"MPF-MF-0618","MF-0618","Middle Frame","ZTE Blade A35",2,"1"
"MPF-MF-0619","MF-0619","Middle Frame","ZTE nubia RedMagic 10 Pro",4,"1"
"MPF-MF-0620","MF-0620","Middle Frame","ZTE nubia RedMagic 9S Pro",4,"1"
"MPF-MF-0621","MF-0621","Middle Frame","ZTE nubia Neo",2,"1"
"MPF-MF-0622","MF-0622","Middle Frame","ZTE Axon 60 Lite",3,"1"
"MPF-MF-0623","MF-0623","Middle Frame","Lava Z2",8,"1"
"MPF-MF-0624","MF-0624","Middle Frame","itel P40",5,"1"
"MPF-MF-0625","MF-0625","Middle Frame","itel A60",6,"1"
"MPF-MF-0626","MF-0626","Middle Frame","Realme C53",7,"1"
"MPF-MF-0627","MF-0627","Middle Frame","vivo V20",2,"1"
"MPF-MF-0628","MF-0628","Middle Frame","Realme C35",2,"1"
"MPF-MF-0629","MF-0629","Middle Frame","Realme C55",2,"1"
"MPF-MF-0630","MF-0630","Middle Frame","Motorola Moto G54",3,"1"
"MPF-MF-0631","MF-0631","Middle Frame","Motorola Moto G22",2,"1"
"MPF-MF-0632","MF-0632","Middle Frame","Motorola Moto G31",2,"1"
"MPF-MF-0633","MF-0633","Middle Frame","Motorola Moto G60",2,"1"
"MPF-MF-0634","MF-0634","Middle Frame","Xiaomi Poco M8 Pro",2,"1"
"MPF-MF-0635","MF-0635","Middle Frame","Xiaomi Redmi A4",9,"1"
"MPF-MF-0636","MF-0636","Middle Frame","itel Vision 3",2,"1"
"MPF-MF-0637","MF-0637","Middle Frame","itel P36",21,"1"
"MPF-MF-0638","MF-0638","Middle Frame","Honor 10 Lite",6,"1"
"MPF-MF-0639","MF-0639","Middle Frame","Honor 7S",5,"1"
"MPF-MF-0640","MF-0640","Middle Frame","Honor 8A Pro",7,"1"
"MPF-MF-0641","MF-0641","Middle Frame","HMD Crest",2,"1"
"MPF-MF-0642","MF-0642","Middle Frame","HMD Pulse",3,"1"
"MPF-MF-0643","MF-0643","Middle Frame","Xiaomi Poco F6",2,"1"
"MPF-MF-0644","MF-0644","Middle Frame","Xiaomi Poco F5 Pro",3,"1"
"MPF-MF-0645","MF-0645","Middle Frame","Xiaomi Poco F4 GT",2,"1"
"MPF-MF-0646","MF-0646","Middle Frame","Xiaomi Poco F4",2,"1"
"MPF-MF-0647","MF-0647","Middle Frame","Xiaomi Poco F2 Pro",4,"1"
"MPF-MF-0648","MF-0648","Middle Frame","Xiaomi Poco X6 Pro",2,"1"
"MPF-MF-0649","MF-0649","Middle Frame","Xiaomi Poco X4 GT",5,"1"
"MPF-MF-0650","MF-0650","Middle Frame","Xiaomi Poco X2",5,"1"
"MPF-MF-0651","MF-0651","Middle Frame","Xiaomi Poco M5",7,"1"
"MPF-MF-0652","MF-0652","Middle Frame","Xiaomi Poco M3 Pro 5G",4,"1"
"MPF-MF-0653","MF-0653","Middle Frame","Xiaomi Redmi Note 11 Pro+ 5G",4,"1"
"MPF-MF-0654","MF-0654","Middle Frame","Xiaomi Redmi Note 13 Pro 4G",9,"1"
"MPF-MF-0655","MF-0655","Middle Frame","Xiaomi Redmi Note 12 Pro+",4,"1"
"MPF-MF-0656","MF-0656","Middle Frame","Xiaomi Redmi Note 14 Pro 5G",2,"1"
"MPF-MF-0657","MF-0657","Middle Frame","Xiaomi Redmi Note 14 5G",3,"1"
"MPF-MF-0658","MF-0658","Middle Frame","Xiaomi Redmi A1",6,"1"
"MPF-MF-0659","MF-0659","Middle Frame","Xiaomi Redmi A3",3,"1"
"MPF-MF-0660","MF-0660","Middle Frame","Xiaomi Redmi 12C",3,"1"
"MPF-MF-0661","MF-0661","Middle Frame","Xiaomi Redmi Note 11 Pro",6,"1"
"MPF-MF-0662","MF-0662","Middle Frame","Xiaomi Redmi Note 12",4,"1"
"MPF-MF-0663","MF-0663","Middle Frame","Samsung Galaxy A34",3,"1"
"MPF-MF-0664","MF-0664","Middle Frame","Samsung Galaxy A15 5G",3,"1"
"MPF-MF-0665","MF-0665","Middle Frame","vivo T4",4,"1"
"MPF-MF-0666","MF-0666","Middle Frame","Realme 14x",13,"1"
"MPF-MF-0667","MF-0667","Middle Frame","Oppo A6",17,"1"
"MPF-MF-0668","MF-0668","Middle Frame","Oppo Reno4 F",4,"1"
"MPF-MF-0669","MF-0669","Middle Frame","Realme C2",3,"1"
"MPF-MF-0670","MF-0670","Middle Frame","Xiaomi Redmi 13C",5,"1"
"MPF-MF-0671","MF-0671","Middle Frame","Xiaomi Redmi 9 Activ",5,"1"
"MPF-MF-0672","MF-0672","Middle Frame","Xiaomi Redmi 6",2,"1"
"MPF-MF-0673","MF-0673","Middle Frame","vivo V5 Plus",2,"1"
"MPF-MF-0674","MF-0674","Middle Frame","vivo V1 Max",2,"1"
"MPF-MF-0675","MF-0675","Middle Frame","vivo V1",2,"1"
"MPF-MF-0676","MF-0676","Middle Frame","vivo Y53",2,"1"
"MPF-MF-0677","MF-0677","Middle Frame","vivo V50 Lite",4,"1"
"MPF-MF-0678","MF-0678","Middle Frame","vivo V5",3,"1"
"MPF-MF-0679","MF-0679","Middle Frame","Realme 12x",5,"7"
"MPF-MF-0680","MF-0680","Middle Frame","Oppo A98",3,"6"
"MPF-MF-0681","MF-0681","Middle Frame","Oppo A18",4,"6"
"MPF-MF-0682","MF-0682","Middle Frame","Oppo A54",2,"5"
"MPF-MF-0683","MF-0683","Middle Frame","Samsung Galaxy Watch6",4,",nb.,"
"MPF-MF-0684","MF-0684","Middle Frame","Samsung Galaxy A01",2,"fgjfgj"
"MPF-MF-0685","MF-0685","Middle Frame","Samsung Galaxy A10",2,"hggdh"
"MPF-MF-0686","MF-0686","Middle Frame","Samsung Galaxy A02",2,"fhjhj"
"MPF-MF-0687","MF-0687","Middle Frame","Samsung Galaxy A10s",3,"dfg"
"MPF-MF-0688","MF-0688","Middle Frame","Samsung Galaxy A12",6,"Gfffh"
"MPF-MF-0689","MF-0689","Middle Frame","Samsung Galaxy A04",4,"NXGH"
"MPF-MF-0690","MF-0690","Middle Frame","Samsung Galaxy A02s",4,"ADFG"
"MPF-MF-0691","MF-0691","Middle Frame","Samsung Galaxy A23",2,"DFGAFD"
"MPF-MF-0692","MF-0692","Middle Frame","Samsung Galaxy A13",2,"GSHG"
"MPF-MF-0693","MF-0693","Middle Frame","Samsung Galaxy F13",3,"FDGAFG"
"MPF-MF-0694","MF-0694","Middle Frame","Samsung Galaxy A05",5,"SFGS"
"MPF-MF-0695","MF-0695","Middle Frame","Samsung Galaxy A05s",3,"GRHF"
"MPF-MF-0696","MF-0696","Middle Frame","Samsung Galaxy A32 5G",2,"GHHHHHJ"
"MPF-MF-0697","MF-0697","Middle Frame","Samsung Galaxy A22 5G",2,"FGSHFG"
"MPF-MF-0698","MF-0698","Middle Frame","Samsung Galaxy F23",2,"FGSHGF"
"MPF-MF-0699","MF-0699","Middle Frame","Samsung Galaxy A20",3,"DHJ"
"MPF-MF-0700","MF-0700","Middle Frame","Samsung Galaxy A22",2,"dsfF"
"MPF-MF-0701","MF-0701","Middle Frame","vivo U10",7,"gfgh"
"MPF-MF-0702","MF-0702","Middle Frame","vivo Y03t",10,"ghjgd"
"MPF-MF-0703","MF-0703","Middle Frame","vivo T1 5G",7,"dhjy"
"MPF-MF-0704","MF-0704","Middle Frame","vivo Y21a",6,"fgg"
"MPF-MF-0705","MF-0705","Middle Frame","vivo Y02",5,"fgshgsf"
"MPF-MF-0706","MF-0706","Middle Frame","vivo Y5s",5,"dhgjhj"
"MPF-MF-0707","MF-0707","Middle Frame","vivo Y31 (2021)",9,"fgjj"
"MPF-MF-0708","MF-0708","Middle Frame","vivo Y12s",18,"dfgah"
"MPF-MF-0709","MF-0709","Middle Frame","vivo X21",2,"sgsfj"
"MPF-MF-0710","MF-0710","Middle Frame","vivo Y91",7,"thkgjk"
"MPF-MF-0711","MF-0711","Middle Frame","vivo Z3",3,"fgad"
"MPF-MF-0712","MF-0712","Middle Frame","vivo iQOO Pro",2,"dfsg"
"MPF-MF-0713","MF-0713","Middle Frame","vivo V11 (V11 Pro)",2,"fhgjdgh"
"MPF-MF-0714","MF-0714","Middle Frame","vivo Y71",2,"ghjfgj"
"MPF-MF-0715","MF-0715","Middle Frame","vivo Y89",5,"fhjh"
"MPF-MF-0716","MF-0716","Middle Frame","vivo V9",3,"rtu"
"MPF-MF-0717","MF-0717","Middle Frame","Xiaomi Redmi Note 9 Pro",6,"dthdg"
"MPF-MF-0718","MF-0718","Middle Frame","Xiaomi Redmi 9T",4,"cnbjgmc"
"MPF-MF-0719","MF-0719","Middle Frame","Xiaomi Redmi Note 7",3,"trrtht"
"MPF-MF-0720","MF-0720","Middle Frame","Xiaomi Redmi 8",4,"yuy"
"MPF-MF-0721","MF-0721","Middle Frame","Xiaomi Redmi 7",2,"sghsjg"
"MPF-MF-0722","MF-0722","Middle Frame","Xiaomi Poco X3",3,"sgjfgj"
"MPF-MF-0723","MF-0723","Middle Frame","Xiaomi Redmi 9 Prime",4,"dfhsh"
"MPF-MF-0724","MF-0724","Middle Frame","Xiaomi Redmi Note 11",4,"gjsfgj"
"MPF-MF-0725","MF-0725","Middle Frame","Xiaomi Mi 11X",7,"fgghj"
"MPF-MF-0726","MF-0726","Middle Frame","Xiaomi Redmi 12",10,"gfjhgfj"
"MPF-MF-0727","MF-0727","Middle Frame","Xiaomi Redmi 10C",4,"thjehj"
"MPF-MF-0728","MF-0728","Middle Frame","Xiaomi Mi 8 Pro",3,"mi 8 pro"
"MPF-MF-0729","MF-0729","Middle Frame","Xiaomi Mi A3",2,"fdhh"
"MPF-MF-0730","MF-0730","Middle Frame","Xiaomi Redmi Note 8",2,"ghhcg"
"MPF-MF-0731","MF-0731","Middle Frame","Xiaomi Mi 9 Lite",2,"dhjhj"
"MPF-MF-0732","MF-0732","Middle Frame","Realme C25",8,"sdgs"
"MPF-MF-0733","MF-0733","Middle Frame","Realme C30",5,"ghjgyj"
"MPF-MF-0734","MF-0734","Middle Frame","Realme 5",2,"dsg"
"MPF-MF-0735","MF-0735","Middle Frame","Realme C20",4,"asf"
"MPF-MF-0736","MF-0736","Middle Frame","Oppo A15",5,"dfhh"
"MPF-MF-0737","MF-0737","Middle Frame","Realme 8 5G",6,"fghsg"
"MPF-MF-0738","MF-0738","Middle Frame","Realme 9i",2,"fgxjxg"
"MPF-MF-0739","MF-0739","Middle Frame","Realme 8",2,"wergqr"
"MPF-MF-0740","MF-0740","Middle Frame","Oppo A33 (2020)",7,"fhjdghk"
"MPF-MF-0741","MF-0741","Middle Frame","Oppo A74 5G",4,"ull"
"MPF-MF-0742","MF-0742","Middle Frame","Oppo F19 Pro",9,"dffdg"
"MPF-CC-0001","CC-0001","CC Board","Realme 16T 5G",2,"sfef"
"MPF-CC-0002","CC-0002","CC Board","Realme C83",3,"dfg"
"MPF-CC-0003","CC-0003","CC Board","Realme C100 4G",4,"sdfg"
"MPF-CC-0004","CC-0004","CC Board","Oppo F33 Pro",2,"dgrg"
"MPF-CC-0005","CC-0005","CC Board","vivo Y55L (vivo 1603)",2,"ety"
"MPF-CC-0006","CC-0006","CC Board","vivo Y53",2,"dfg"
"MPF-CC-0007","CC-0007","CC Board","Motorola Razr 70 Ultra",2,"try"
"MPF-CC-0008","CC-0008","CC Board","Motorola Razr 70+",2,"rty"
"MPF-CC-0009","CC-0009","CC Board","Motorola Moto G37",2,"ety"
"MPF-CC-0010","CC-0010","CC Board","Motorola Edge 70 Pro",2,"ery"
"MPF-CC-0011","CC-0011","CC Board","Xiaomi Poco F8 Pro",2,"fdds"
"MPF-CC-0012","CC-0012","CC Board","Xiaomi 12",3,"afsd"
"MPF-CC-0013","CC-0013","CC Board","Infinix Hot 12i",2,"asdf"
"MPF-CC-0014","CC-0014","CC Board","Samsung Galaxy A36",2,"wdef"
"MPF-CC-0015","CC-0015","CC Board","vivo NEX A",2,"assd"
"MPF-CC-0016","CC-0016","CC Board","vivo Y71",2,"asfs"
"MPF-CC-0017","CC-0017","CC Board","vivo Y18s",4,"sfsf"
"MPF-CC-0018","CC-0018","CC Board","Xiaomi Mi Max 4",2,"assd"
"MPF-CC-0019","CC-0019","CC Board","Xiaomi Mi 9X",2,"zxcdg"
"MPF-CC-0020","CC-0020","CC Board","Xiaomi Redmi 11",2,"dsdg"
"MPF-CC-0021","CC-0021","CC Board","Xiaomi Mi Mix 3",2,"adxsf"
"MPF-CC-0022","CC-0022","CC Board","Xiaomi Mi 9",2,"zcsdgv"
"MPF-CC-0023","CC-0023","CC Board","Xiaomi Black Shark 2",2,"adsf"
"MPF-CC-0024","CC-0024","CC Board","Xiaomi Mi 9 Pro",2,"adfdg"
"MPF-CC-0025","CC-0025","CC Board","Xiaomi Redmi 10X 5G",2,"scdg"
"MPF-CC-0026","CC-0026","CC Board","Xiaomi Civi",2,"adsf"
"MPF-CC-0027","CC-0027","CC Board","Xiaomi Poco C55",2,"adsf"
"MPF-CC-0028","CC-0028","CC Board","Xiaomi Mi Note 10",4,"sfedgb"
"MPF-CC-0029","CC-0029","CC Board","Xiaomi Mi 9T",5,"adsfd"
"MPF-CC-0030","CC-0030","CC Board","OnePlus 10T",2,"asfdsg"
"MPF-CC-0031","CC-0031","CC Board","OnePlus 11R",2,"asdsf"
"MPF-CC-0032","CC-0032","CC Board","OnePlus Nord CE 3 Lite",2,"zdgfbh"
"MPF-CC-0033","CC-0033","CC Board","OnePlus Nord CE4 Lite",2,"afdf"
"MPF-CC-0034","CC-0034","CC Board","OnePlus 13s",2,"zcsv"
"MPF-CC-0035","CC-0035","CC Board","OnePlus Ace 5 Racing",2,"sfdg"
"MPF-CC-0036","CC-0036","CC Board","OnePlus 10R",3,"assd"
"MPF-CC-0037","CC-0037","CC Board","OnePlus 12R",3,"asddf"
"MPF-CC-0038","CC-0038","CC Board","OnePlus 13R",3,"asdsdw"
"MPF-CC-0039","CC-0039","CC Board","OnePlus Nord 6",3,"adsfe"
"MPF-CC-0040","CC-0040","CC Board","OnePlus Ace 6",5,"afef"
"MPF-CC-0041","CC-0041","CC Board","itel A58",9,"adsfw"
"MPF-CC-0042","CC-0042","CC Board","Honor 600 Lite",2,"adsf"
"MPF-CC-0043","CC-0043","CC Board","Honor Play9A",3,"adsf"
"MPF-CC-0044","CC-0044","CC Board","HMD Bold",2,"assd"
"MPF-CC-0045","CC-0045","CC Board","Tecno Pova 6",9,"sfsgd"
"MPF-CC-0046","CC-0046","CC Board","Infinix Hot 12",4,"sdff"
"MPF-CC-0047","CC-0047","CC Board","Infinix Smart 7",3,"zcdgv"
"MPF-CC-0048","CC-0048","CC Board","Lava Bold N1",2,"sfdg"
"MPF-CC-0049","CC-0049","CC Board","Lava Yuva Pro",3,"scdv"
"MPF-CC-0050","CC-0050","CC Board","Lava Agni 2",2,"sdvc"
"MPF-CC-0051","CC-0051","CC Board","Lava Blaze 2 Pro",2,"sdfd"
"MPF-CC-0052","CC-0052","CC Board","Lava Yuva 2 5G",3,"sdefef"
"MPF-CC-0053","CC-0053","CC Board","Lava Yuva Star 2",2,"adsf"
"MPF-CC-0054","CC-0054","CC Board","Lava Blaze X",3,"acsf"
"MPF-CC-0055","CC-0055","CC Board","Huawei Mate 20 Pro",2,"adsd"
"MPF-CC-0056","CC-0056","CC Board","Huawei nova 5",2,"adsdsf"
"MPF-CC-0057","CC-0057","CC Board","Huawei nova 5i",2,"adsf"
"MPF-CC-0058","CC-0058","CC Board","Huawei Mate 20 X",2,"sdfed"
"MPF-CC-0059","CC-0059","CC Board","Huawei Mate 30",2,"assd"
"MPF-CC-0060","CC-0060","CC Board","Huawei nova 5i Pro",2,"assf"
"MPF-CC-0061","CC-0061","CC Board","Huawei Y9s",2,"asdff"
"MPF-CC-0062","CC-0062","CC Board","Huawei Mate 50",2,"asdd"
"MPF-CC-0063","CC-0063","CC Board","ZTE Blade V9",11,"adsfe"
"MPF-CC-0064","CC-0064","CC Board","ZTE S30 SE",8,"adsfd"
"MPF-CC-0065","CC-0065","CC Board","ZTE nubia Z30 Pro",5,"zcdg"
"MPF-CC-0066","CC-0066","CC Board","ZTE nubia Neo 3",7,"adsfs"
"MPF-CC-0067","CC-0067","CC Board","ZTE Blade V70",11,"adsf"
"MPF-CC-0068","CC-0068","CC Board","ZTE Blade A55",9,"asddff"
"MPF-CC-0069","CC-0069","CC Board","ZTE nubia RedMagic 7 Pro",2,"adsfs"
"MPF-CC-0070","CC-0070","CC Board","Lenovo Legion Y70",2,"adsdf"
"MPF-CC-0071","CC-0071","CC Board","Lenovo Z5",2,"adsf"
"MPF-CC-0072","CC-0072","CC Board","Lenovo A6 Note",2,"adssd"
"MPF-CC-0073","CC-0073","CC Board","Lenovo K12",2,"adsdf"
"MPF-CC-0074","CC-0074","CC Board","Lenovo K13",2,"assd"
"MPF-CC-0075","CC-0075","CC Board","Nothing Phone (4a)",2,"assd"
"MPF-CC-0076","CC-0076","CC Board","Nothing Phone 2a",2,"asdsg"
"MPF-CC-0077","CC-0077","CC Board","Samsung Galaxy M40",2,"adfdsg"
"MPF-CC-0078","CC-0078","CC Board","Samsung Galaxy Note10+",2,"zxzcz"
"MPF-CC-0079","CC-0079","CC Board","Samsung Galaxy Note10",2,"aadsf"
"MPF-CC-0080","CC-0080","CC Board","Samsung Galaxy A70",2,"adsg"
"MPF-CC-0081","CC-0081","CC Board","Samsung Galaxy Fold",2,"adfd"
"MPF-CC-0082","CC-0082","CC Board","Samsung Galaxy S20+",2,"assfe"
"MPF-CC-0083","CC-0083","CC Board","Samsung Galaxy S20",2,"adfd"
"MPF-CC-0084","CC-0084","CC Board","Samsung Galaxy S20 Ultra",2,"sadsf"
"MPF-CC-0085","CC-0085","CC Board","Samsung Galaxy A11",2,"zxsv"
"MPF-CC-0086","CC-0086","CC Board","Samsung Galaxy A71 5G",2,"SDSFE"
"MPF-CC-0087","CC-0087","CC Board","Samsung Galaxy A10s",5,"ZXcdvdf"
"MPF-CC-0088","CC-0088","CC Board","Samsung Galaxy A01 Core",2,"asscd"
"MPF-CC-0089","CC-0089","CC Board","Samsung Galaxy Note20 Ultra",2,"sxsc"
"MPF-CC-0090","CC-0090","CC Board","Samsung Galaxy Note20",2,"zxvf"
"MPF-CC-0091","CC-0091","CC Board","Samsung Galaxy S20 FE",2,"sdsdf"
"MPF-CC-0092","CC-0092","CC Board","Samsung Galaxy A42 5G",2,"zdvfdb"
"MPF-CC-0093","CC-0093","CC Board","Samsung Galaxy A22 5G",2,"dsfdb"
"MPF-CC-0094","CC-0094","CC Board","Samsung Galaxy A32 5G",2,"adsf"
"MPF-CC-0095","CC-0095","CC Board","Samsung Galaxy F23",2,"zcdsv"
"MPF-CC-0096","CC-0096","CC Board","Samsung Galaxy A13 5G",2,"zcdb"
"MPF-CC-0097","CC-0097","CC Board","Samsung Galaxy A14",2,"asdfd"
"MPF-CC-0098","CC-0098","CC Board","Samsung Galaxy F14",2,"scsv"
"MPF-CC-0099","CC-0099","CC Board","Samsung Galaxy F54",2,"sdfdg"
"MPF-CC-0100","CC-0100","CC Board","Samsung Galaxy F34",2,"axdsvf"
"MPF-CC-0101","CC-0101","CC Board","Samsung Galaxy A05s",2,"sdfg"
"MPF-CC-0102","CC-0102","CC Board","Samsung Galaxy A06",2,"sdsf"
"MPF-CC-0103","CC-0103","CC Board","Samsung Galaxy F62",3,"zxcsc"
"MPF-CC-0104","CC-0104","CC Board","Samsung Galaxy A12",3,"scdv"
"MPF-CC-0105","CC-0105","CC Board","Samsung Galaxy A15",3,"wdwf"
"MPF-CC-0106","CC-0106","CC Board","Realme 5 Pro",2,"sfsfg"
"MPF-CC-0107","CC-0107","CC Board","Realme 6i",2,"adsg"
"MPF-CC-0108","CC-0108","CC Board","Realme X50 Pro 5G",2,"asdef"
"MPF-CC-0109","CC-0109","CC Board","Realme X50 5G",2,"asdg"
"MPF-CC-0110","CC-0110","CC Board","Realme V3",2,"adsaf"
"MPF-CC-0111","CC-0111","CC Board","Realme V11 5G",2,"adasfs"
"MPF-CC-0112","CC-0112","CC Board","Realme GT Neo 3",2,"zscdv"
"MPF-CC-0113","CC-0113","CC Board","Realme 11 Pro+",2,"adsf"
"MPF-CC-0114","CC-0114","CC Board","Realme 11 (China)",2,"asad"
"MPF-CC-0115","CC-0115","CC Board","Realme 10",2,"asdd"
"MPF-CC-0116","CC-0116","CC Board","Realme GT5",2,"addsf"
"MPF-CC-0117","CC-0117","CC Board","Realme 12 Lite",2,"adsf"
"MPF-CC-0118","CC-0118","CC Board","Realme C63",2,"adsf"
"MPF-CC-0119","CC-0119","CC Board","Realme 13 Pro",2,"zdsf"
"MPF-CC-0120","CC-0120","CC Board","Realme GT 7 Pro",2,"adsf"
"MPF-CC-0121","CC-0121","CC Board","Realme 14 Pro+",2,"asdsg"
"MPF-CC-0122","CC-0122","CC Board","Realme 14 Pro Lite",2,"sddg"
"MPF-CC-0123","CC-0123","CC Board","Realme P3",2,"sdsf"
"MPF-CC-0124","CC-0124","CC Board","Realme GT 7T",2,"zcsvs"
"MPF-CC-0125","CC-0125","CC Board","Realme P4",2,"adsdf"
"MPF-CC-0126","CC-0126","CC Board","Realme GT8 (China)",2,"adsg"
"MPF-CC-0127","CC-0127","CC Board","Realme C85 5G",2,"adsf"
"MPF-CC-0128","CC-0128","CC Board","Realme X2",3,"asddf"
"MPF-CC-0129","CC-0129","CC Board","Realme 12x",3,"sfdg"
"MPF-CC-0130","CC-0130","CC Board","Oppo Reno 10x zoom",2,"asdf"
"MPF-CC-0131","CC-0131","CC Board","Oppo A91",2,"Adsf"
"MPF-CC-0132","CC-0132","CC Board","Oppo A3",4,"asfsd"
"MPF-CC-0133","CC-0133","CC Board","Realme X3",2,"adsf"
"MPF-CC-0134","CC-0134","CC Board","Realme 7 5G",3,"assdd"
"MPF-CC-0135","CC-0135","CC Board","Realme 12 Pro",3,"adaf"
"MPF-CC-0136","CC-0136","CC Board","Realme C75 4G",3,"adsf"
"MPF-CC-0137","CC-0137","CC Board","Realme C3i",3,"adsf"
"MPF-CC-0138","CC-0138","CC Board","Realme 6S",3,"adsf"
"MPF-CC-0139","CC-0139","CC Board","Realme X7",4,"asdsf"
"MPF-CC-0140","CC-0140","CC Board","Realme 7",4,"asddfv"
"MPF-CC-0141","CC-0141","CC Board","Realme GT Neo 3T",4,"adsf"
"MPF-CC-0142","CC-0142","CC Board","Realme GT Neo 5",4,"adsf"
"MPF-CC-0143","CC-0143","CC Board","Realme C51",4,"adsfed"
"MPF-CC-0144","CC-0144","CC Board","Realme GT 6",4,"asff"
"MPF-CC-0145","CC-0145","CC Board","Realme 12",4,"adswf"
"MPF-CC-0146","CC-0146","CC Board","Realme 13+",4,"asdd"
"MPF-CC-0147","CC-0147","CC Board","Realme 11",5,"addsf"
"MPF-CC-0148","CC-0148","CC Board","Realme Note 70",5,"adsf"
"MPF-CC-0149","CC-0149","CC Board","Realme 15 Pro",5,"adsf"
"MPF-CC-0150","CC-0150","CC Board","Realme Q3 5G",4,"axdsf"
"MPF-CC-0151","CC-0151","CC Board","Realme GT 5G",6,"asdf"
"MPF-CC-0152","CC-0152","CC Board","Realme 12 4G",4,"adsf"
"MPF-CC-0153","CC-0153","CC Board","Realme C53",6,"asfdg"
"MPF-CC-0154","CC-0154","CC Board","Realme 14x",6,"adsf"
"MPF-CC-0155","CC-0155","CC Board","Oppo Find X2 Neo",2,"sfdeg"
"MPF-CC-0156","CC-0156","CC Board","Oppo Find X2 Lite",2,"sdgfeg"
"MPF-CC-0157","CC-0157","CC Board","Oppo K7 5G",2,"sfeg"
"MPF-CC-0158","CC-0158","CC Board","Oppo Find X3",2,"scsv"
"MPF-CC-0159","CC-0159","CC Board","Oppo Find X3 Neo",2,"asfd"
"MPF-CC-0160","CC-0160","CC Board","Oppo Reno5 4G",2,"sddg"
"MPF-CC-0161","CC-0161","CC Board","Oppo Reno6 Pro+ 5G",2,"zcxvd"
"MPF-CC-0162","CC-0162","CC Board","Oppo K10 Energy",2,"sfgfh"
"MPF-CC-0163","CC-0163","CC Board","Oppo Reno6 5G",2,"dvfbh"
"MPF-CC-0164","CC-0164","CC Board","Oppo Find X5 Lite",2,"xzcdfb"
"MPF-CC-0165","CC-0165","CC Board","Oppo Reno8 Pro",2,"sddg"
"MPF-CC-0166","CC-0166","CC Board","Oppo A17",2,"zcdg"
"MPF-CC-0167","CC-0167","CC Board","Oppo A1 Pro",2,"zcxv"
"MPF-CC-0168","CC-0168","CC Board","Oppo Reno10",2,"sdeg"
"MPF-CC-0169","CC-0169","CC Board","Oppo Reno11 Pro",2,"sdef"
"MPF-CC-0170","CC-0170","CC Board","Oppo F25 Pro",2,"zcxv"
"MPF-CC-0171","CC-0171","CC Board","Oppo Reno12 (China)",2,"zcdsv"
"MPF-CC-0172","CC-0172","CC Board","Oppo Reno12 F",2,"z  cdbv"
"MPF-CC-0173","CC-0173","CC Board","Oppo K12",2,"xvx"
"MPF-CC-0174","CC-0174","CC Board","Oppo Reno13 F",2,"zcdgbv"
"MPF-CC-0175","CC-0175","CC Board","Oppo A5 (China)",2,"sddh"
"MPF-CC-0176","CC-0176","CC Board","Oppo F29 Pro",2,"sfdg"
"MPF-CC-0177","CC-0177","CC Board","Oppo Reno13",2,"scvff"
"MPF-CC-0178","CC-0178","CC Board","Oppo K13 Turbo",2,"zcsv"
"MPF-CC-0179","CC-0179","CC Board","Oppo A6 GT",2,"zcdv"
"MPF-CC-0180","CC-0180","CC Board","Oppo Reno 15c",2,"xcdv"
"MPF-CC-0181","CC-0181","CC Board","Oppo A53 5G",3,"sfdgf"
"MPF-CC-0182","CC-0182","CC Board","Oppo K9",3,"zxcd"
"MPF-CC-0183","CC-0183","CC Board","Oppo Reno10 Pro",3,"sdvfdb"
"MPF-CC-0184","CC-0184","CC Board","Oppo A5 Energy",3,"sdgfee"
"MPF-CC-0185","CC-0185","CC Board","Oppo Reno15 Pro Max",3,"scdv"
"MPF-CC-0186","CC-0186","CC Board","Oppo Reno15 (China)",3,"asfd"
"MPF-CC-0187","CC-0187","CC Board","Oppo Reno15 F",3,"zcvv"
"MPF-CC-0188","CC-0188","CC Board","Oppo A2 Pro",4,"zcsv"
"MPF-CC-0189","CC-0189","CC Board","Oppo A3 4G",4,"scfdg"
"MPF-CC-0190","CC-0190","CC Board","Oppo A40",5,"afdg"
"MPF-CC-0191","CC-0191","CC Board","Oppo A6 Pro",7,"asffg"
"MPF-CC-0192","CC-0192","CC Board","Oppo Reno8 4G",4,"sfdg"
"MPF-CC-0193","CC-0193","CC Board","Oppo A6",13,"sdsf"
"MPF-CC-0194","CC-0194","CC Board","vivo X30",2,"xvccb"
"MPF-CC-0195","CC-0195","CC Board","vivo X50",2,"zxcdb"
"MPF-CC-0196","CC-0196","CC Board","vivo V20 SE",2,"zcdb"
"MPF-CC-0197","CC-0197","CC Board","vivo X50 Pro",2,"zcsdsg"
"MPF-CC-0198","CC-0198","CC Board","vivo S7e",2,"adwsfg"
"MPF-CC-0199","CC-0199","CC Board","vivo V20",2,"sfsg"
"MPF-CC-0200","CC-0200","CC Board","vivo iQOO Neo5",2,"scdv"
"MPF-CC-0201","CC-0201","CC Board","vivo V21",2,"cdb"
"MPF-CC-0202","CC-0202","CC Board","vivo V21e",2,"swfeg"
"MPF-CC-0203","CC-0203","CC Board","vivo X60 Pro+",2,"xvdb"
"MPF-CC-0204","CC-0204","CC Board","vivo S10",2,"vdbfb"
"MPF-CC-0205","CC-0205","CC Board","vivo Y71t",2,"asfg"
"MPF-CC-0206","CC-0206","CC Board","vivo iQOO 9 SE",2,"vdbg"
"MPF-CC-0207","CC-0207","CC Board","vivo X80",2,"asdf"
"MPF-CC-0208","CC-0208","CC Board","vivo S15 Pro",2,"sfedeg"
"MPF-CC-0209","CC-0209","CC Board","vivo T2x (India)",2,"szcdeb"
"MPF-CC-0210","CC-0210","CC Board","vivo iQOO Neo8",2,"zcdbd"
"MPF-CC-0211","CC-0211","CC Board","vivo iQOO 11",2,"zcdb"
"MPF-CC-0212","CC-0212","CC Board","vivo V30e",2,"asdf"
"MPF-CC-0213","CC-0213","CC Board","vivo T3 Pro",2,"scsv"
"MPF-CC-0214","CC-0214","CC Board","vivo S17e",2,"cdvd"
"MPF-CC-0215","CC-0215","CC Board","vivo iQOO Z9s",2,"scdv"
"MPF-CC-0216","CC-0216","CC Board","vivo iQOO Neo10 (China)",2,"xsvs"
"MPF-CC-0217","CC-0217","CC Board","vivo IQOO Pad5 Pro",2,"zcsv"
"MPF-CC-0218","CC-0218","CC Board","vivo S20 Pro",2,"xcdv"
"MPF-CC-0219","CC-0219","CC Board","vivo Y400",2,"asdd"
"MPF-CC-0220","CC-0220","CC Board","vivo Y21d",2,"sdef"
"MPF-CC-0221","CC-0221","CC Board","vivo iQOO 13",2,"zsdf"
"MPF-CC-0222","CC-0222","CC Board","vivo X200s",2,"svcv"
"MPF-CC-0223","CC-0223","CC Board","vivo NEX 3",3,"zcxv"
"MPF-CC-0224","CC-0224","CC Board","vivo Z1 Pro",3,"scdgv"
"MPF-CC-0225","CC-0225","CC Board","vivo V17",3,"xcdg"
"MPF-CC-0226","CC-0226","CC Board","vivo X60",3,"sdeg"
"MPF-CC-0227","CC-0227","CC Board","vivo X60 Pro",3,"sxsc"
"MPF-CC-0228","CC-0228","CC Board","vivo Y74s",3,"sdsdg"
"MPF-CC-0229","CC-0229","CC Board","vivo T1",3,"zxsv"
"MPF-CC-0230","CC-0230","CC Board","vivo Y55",3,"xcdv"
"MPF-CC-0231","CC-0231","CC Board","vivo V25",3,"zcdv"
"MPF-CC-0232","CC-0232","CC Board","vivo V29 Lite",3,"scdv"
"MPF-CC-0233","CC-0233","CC Board","vivo T2",3,"sfeg"
"MPF-CC-0234","CC-0234","CC Board","vivo Y200+",3,"zcvdfv"
"MPF-CC-0235","CC-0235","CC Board","vivo Y39",4,"sddf"
"MPF-CC-0236","CC-0236","CC Board","vivo Pad3",3,"scfg"
"MPF-CC-0237","CC-0237","CC Board","vivo Y19s Pro",3,"sddf"
"MPF-CC-0238","CC-0238","CC Board","vivo T4 Pro",5,"sdsdf"
"MPF-CC-0239","CC-0239","CC Board","vivo S50",3,"sfdg"
"MPF-CC-0240","CC-0240","CC Board","vivo Y31d",3,"xvfbf"
"MPF-CC-0241","CC-0241","CC Board","vivo iQOO Z11x",3,"sfdg"
"MPF-CC-0242","CC-0242","CC Board","vivo Y05",3,"sdggf"
"MPF-CC-0243","CC-0243","CC Board","vivo Y50t",4,"addg"
"MPF-CC-0244","CC-0244","CC Board","vivo iQOO Z6 Pro",4,"hgtf"
"MPF-CC-0245","CC-0245","CC Board","vivo S10e",4,"hggfd"
"MPF-CC-0246","CC-0246","CC Board","vivo iQOO Neo 6",4,"hhvgcdf"
"MPF-CC-0247","CC-0247","CC Board","vivo iQOO Z7",4,"zdzdxf"
"MPF-CC-0248","CC-0248","CC Board","vivo S17",4,"sdfffgh"
"MPF-CC-0249","CC-0249","CC Board","vivo Y28",4,"sdddgf"
"MPF-CC-0250","CC-0250","CC Board","vivo Y200 Pro",4,"sdef"
"MPF-CC-0251","CC-0251","CC Board","vivo iQOO Z10",4,"dsfe"
"MPF-CC-0252","CC-0252","CC Board","vivo T4x",4,"sdgf"
"MPF-CC-0253","CC-0253","CC Board","vivo V50 Lite",4,"zxvdf"
"MPF-CC-0254","CC-0254","CC Board","vivo S30 Pro mini",4,"sdgf"
"MPF-CC-0255","CC-0255","CC Board","vivo iQOO U3",5,"zscdg"
"MPF-CC-0256","CC-0256","CC Board","vivo iQOO Neo 7",5,"zxcdb"
"MPF-CC-0257","CC-0257","CC Board","vivo Y200t",5,"zcdgb"
"MPF-CC-0258","CC-0258","CC Board","vivo iQOO Neo9",5,"hggdt"
"MPF-CC-0259","CC-0259","CC Board","vivo S18",5,"zccsg"
"MPF-CC-0260","CC-0260","CC Board","vivo Y300",5,"zcvvb"
"MPF-CC-0261","CC-0261","CC Board","vivo S1 Pro",6,"zcfb"
"MPF-CC-0262","CC-0262","CC Board","vivo iQOO Z7 Pro",6,"sfdf"
"MPF-CC-0263","CC-0263","CC Board","vivo V30 Lite",6,"zcvfs"
"MPF-CC-0264","CC-0264","CC Board","vivo iQOO Z7x",6,"xcdvd"
"MPF-CC-0265","CC-0265","CC Board","vivo iQOO Neo",7,"cxvd"
"MPF-CC-0266","CC-0266","CC Board","vivo iQOO Z3",7,"adegf"
"MPF-CC-0267","CC-0267","CC Board","vivo V30 SE",8,"dfdb"
"MPF-CC-0268","CC-0268","CC Board","vivo Y19s",8,"zdscd"
"MPF-CC-0269","CC-0269","CC Board","Infinix Smart 4",2,"sdfgfee"
"MPF-CC-0270","CC-0270","CC Board","Infinix Hot 9",2,"sdef"
"MPF-CC-0271","CC-0271","CC Board","Infinix Zero 8",2,"asdef"
"MPF-CC-0272","CC-0272","CC Board","Infinix Note 10 Pro",2,"dfsg"
"MPF-CC-0273","CC-0273","CC Board","Infinix Zero X",2,"asfdf"
"MPF-CC-0274","CC-0274","CC Board","Infinix Note 10",2,"sddf"
"MPF-CC-0275","CC-0275","CC Board","Infinix Note 11 Pro",2,"adssfde"
"MPF-CC-0276","CC-0276","CC Board","Infinix Smart 6",2,"sddf"
"MPF-CC-0277","CC-0277","CC Board","Infinix Note 12 5G",2,"sdffb"
"MPF-CC-0278","CC-0278","CC Board","Infinix Note 12 Pro",4,"aswd"
"MPF-CC-0279","CC-0279","CC Board","Infinix Hot 12 Play NFC",2,"dsfd"
"MPF-CC-0280","CC-0280","CC Board","Infinix Hot 20",2,"sfdg"
"MPF-CC-0281","CC-0281","CC Board","Infinix Hot 30i",2,"aasd"
"MPF-CC-0282","CC-0282","CC Board","Infinix Hot 30 5G",2,"assdsf"
"MPF-CC-0283","CC-0283","CC Board","Infinix GT 10 Pro",4,"aswd"
"MPF-CC-0284","CC-0284","CC Board","Infinix Zero 30",2,"aasd"
"MPF-CC-0285","CC-0285","CC Board","Infinix Smart 10",2,"assdd"
"MPF-CC-0286","CC-0286","CC Board","Infinix GT 30",2,"assdf"
"MPF-CC-0287","CC-0287","CC Board","Infinix Note 60",2,"assddf"
"MPF-CC-0288","CC-0288","CC Board","Infinix S5 Pro",3,"aasdd"
"MPF-CC-0289","CC-0289","CC Board","Infinix Hot 40",3,"assdd"
"MPF-CC-0290","CC-0290","CC Board","Motorola Moto G7",2,"adfegf"
"MPF-CC-0291","CC-0291","CC Board","Motorola One Action",2,"sgfg"
"MPF-CC-0292","CC-0292","CC Board","Motorola Moto G Pro",2,"sdfgf"
"MPF-CC-0293","CC-0293","CC Board","Motorola Moto G8 Plus",2,"adsfdg"
"MPF-CC-0294","CC-0294","CC Board","Motorola Moto G 5G",2,"sddgfdsg"
"MPF-CC-0295","CC-0295","CC Board","Motorola Edge S",2,"sdsgd"
"MPF-CC-0296","CC-0296","CC Board","Motorola Moto E6i",2,"asdsdfg"
"MPF-CC-0297","CC-0297","CC Board","Motorola Moto G40 Fusion",2,"assdf"
"MPF-CC-0298","CC-0298","CC Board","Motorola Edge (2021)",2,"aasdff"
"MPF-CC-0299","CC-0299","CC Board","Motorola Edge S30",2,"asdff"
"MPF-CC-0300","CC-0300","CC Board","Motorola Edge 30 Pro",2,"adfg"
"MPF-CC-0301","CC-0301","CC Board","Motorola Moto G62 5G",2,"asdf"
"MPF-CC-0302","CC-0302","CC Board","Motorola Moto G Play (2023)",2,"asdffg"
"MPF-CC-0303","CC-0303","CC Board","Motorola Razr 40",2,"assdf"
"MPF-CC-0304","CC-0304","CC Board","Motorola Edge 50 Fusion",2,"assddf"
"MPF-CC-0305","CC-0305","CC Board","Motorola Moto G34",2,"assddf"
"MPF-CC-0306","CC-0306","CC Board","Motorola Moto E15",2,"assf"
"MPF-CC-0307","CC-0307","CC Board","Motorola Edge 60",2,"asdf"
"MPF-CC-0308","CC-0308","CC Board","Motorola Razr 60 Ultra",2,"asddf"
"MPF-CC-0309","CC-0309","CC Board","Motorola Moto G86",2,"asddf"
"MPF-CC-0310","CC-0310","CC Board","Motorola Moto G06",2,"asdff"
"MPF-CC-0311","CC-0311","CC Board","Motorola Moto G (2026)",2,"assdfg"
"MPF-CC-0312","CC-0312","CC Board","Motorola Moto G67",2,"asdfg"
"MPF-CC-0313","CC-0313","CC Board","Motorola Moto E7 Plus",3,"asdfdg"
"MPF-CC-0314","CC-0314","CC Board","Motorola Moto G13",3,"asdfdfg"
"MPF-CC-0315","CC-0315","CC Board","Motorola Moto G54",3,"asddffg"
"MPF-CC-0316","CC-0316","CC Board","Motorola Razr 50 Ultra",3,"sddfg"
"MPF-CC-0317","CC-0317","CC Board","Motorola Moto G100",3,"asdfdf"
"MPF-CC-0318","CC-0318","CC Board","Motorola Edge 60 Stylus",3,"asddfg"
"MPF-CC-0319","CC-0319","CC Board","Motorola Moto G9 Play",2,"asdff"
"MPF-CC-0320","CC-0320","CC Board","Motorola Razr 2024",6,"assdf"
"MPF-CC-0321","CC-0321","CC Board","Motorola Moto G15",4,"aasd"
"MPF-CC-0322","CC-0322","CC Board","Motorola Moto E14",5,"assdf"
"MPF-CC-0323","CC-0323","CC Board","Xiaomi Poco X2",2,"aasd"
"MPF-CC-0324","CC-0324","CC Board","Xiaomi Redmi K30",4,"assdf"
"MPF-CC-0325","CC-0325","CC Board","Xiaomi Redmi Note 9",6,"assdff"
"MPF-CC-0326","CC-0326","CC Board","Xiaomi Redmi K30 Pro",4,"aasssdf"
"MPF-CC-0327","CC-0327","CC Board","Xiaomi Black Shark 3S",2,"fdewf"
"MPF-CC-0328","CC-0328","CC Board","Xiaomi Mi 10T 5G",4,"aasdf"
"MPF-CC-0329","CC-0329","CC Board","Xiaomi Mi 10 Ultra",7,"assdf"
"MPF-CC-0330","CC-0330","CC Board","Xiaomi Poco M3 Pro",2,"assdf"
"MPF-CC-0331","CC-0331","CC Board","Xiaomi Mi 11 Lite",3,"assf"
"MPF-CC-0332","CC-0332","CC Board","Xiaomi 11T",2,"asdff"
"MPF-CC-0333","CC-0333","CC Board","Xiaomi Mi 11 Pro",3,"asdff"
"MPF-CC-0334","CC-0334","CC Board","Xiaomi Redmi Note 11 (China)",11,"asdf"
"MPF-CC-0335","CC-0335","CC Board","Xiaomi Redmi 10",8,"asddf"
"MPF-CC-0336","CC-0336","CC Board","Xiaomi Redmi Note 11R",6,"assdf"
"MPF-CC-0337","CC-0337","CC Board","Xiaomi Black Shark 4",9,"asdf"
"MPF-CC-0338","CC-0338","CC Board","Xiaomi Redmi Note 11 Pro",7,"aassd"
"MPF-CC-0339","CC-0339","CC Board","Xiaomi 12T",14,"assdf"
"MPF-CC-0340","CC-0340","CC Board","Xiaomi Mix Fold 2",2,"assf"
"MPF-CC-0341","CC-0341","CC Board","Xiaomi Redmi A2",2,"wer42e"
"MPF-CC-0342","CC-0342","CC Board","Xiaomi Poco X5",2,"aasdf"
"MPF-CC-0343","CC-0343","CC Board","Xiaomi Redmi Note 12R",3,"assdf"
"MPF-CC-0344","CC-0344","CC Board","Xiaomi Redmi Note 12",5,"asdf"
"MPF-CC-0345","CC-0345","CC Board","Xiaomi Redmi Note 12 Pro",3,"assdf"
"MPF-CC-0346","CC-0346","CC Board","Xiaomi Redmi K50",4,"assdf"
"MPF-CC-0347","CC-0347","CC Board","Xiaomi Poco F4",3,"assd"
"MPF-CC-0348","CC-0348","CC Board","Xiaomi 13T",6,"assd"
"MPF-CC-0349","CC-0349","CC Board","Xiaomi Mix Fold 3",2,"aasdsf"
"MPF-CC-0350","CC-0350","CC Board","Xiaomi Redmi Note 13 Pro+",11,"assf"
"MPF-CC-0351","CC-0351","CC Board","Xiaomi 14 Pro",8,"assd"
"MPF-CC-0352","CC-0352","CC Board","Xiaomi Poco M6 Plus",7,"asdsdf"
"MPF-CC-0353","CC-0353","CC Board","Xiaomi Civi 3",6,"aadd"
"MPF-CC-0354","CC-0354","CC Board","Xiaomi Redmi A3 Pro",3,"assd"
"MPF-CC-0355","CC-0355","CC Board","Xiaomi Redmi 14R",4,"asdf"
"MPF-CC-0356","CC-0356","CC Board","Xiaomi Redmi Note 14 Pro 5G",10,"assdd"
"MPF-CC-0357","CC-0357","CC Board","Xiaomi Redmi Turbo 4",8,"asdd"
"MPF-CC-0358","CC-0358","CC Board","Xiaomi 15 Pro",9,"assdf"
"MPF-CC-0359","CC-0359","CC Board","Xiaomi 15T",8,"assfd"
"MPF-CC-0360","CC-0360","CC Board","Xiaomi Redmi 15C",13,"asasd"
"MPF-CC-0361","CC-0361","CC Board","Xiaomi Redmi Note 15 Pro",11,"assf"
"MPF-CC-0362","CC-0362","CC Board","Xiaomi 17 Ultra",7,"assdf"
"MPF-CC-0363","CC-0363","CC Board","Infinix Hot 10s",3,"asd"
"MPF-CC-0364","CC-0364","CC Board","Infinix Note 11",3,"assdfd"
"MPF-CC-0365","CC-0365","CC Board","Infinix Note 50 Pro+",3,"asdf"
"MPF-CC-0366","CC-0366","CC Board","Infinix Note 40 Pro",8,"asasd"
"MPF-CC-0367","CC-0367","CC Board","Infinix Hot 10 Play",4,"sdsf"
"MPF-CC-0368","CC-0368","CC Board","Infinix Smart 8",5,"zxsc"
"MPF-CC-0369","CC-0369","CC Board","itel Color Pro",2,"adsxd"
"MPF-CC-0370","CC-0370","CC Board","itel S23",2,"addd"
"MPF-CC-0371","CC-0371","CC Board","itel A70",2,"aaad"
"MPF-CC-0372","CC-0372","CC Board","itel A100",3,"sdef"
"MPF-CC-0373","CC-0373","CC Board","Apple iPhone 6s Plus",2,"assd"
"MPF-CC-0374","CC-0374","CC Board","Apple iPhone X",2,"assdd"
"MPF-CC-0375","CC-0375","CC Board","Apple iPhone 11",2,"assdfd"
"MPF-CC-0376","CC-0376","CC Board","Apple iPhone 13 mini",2,"asd"
"MPF-CC-0377","CC-0377","CC Board","Apple iPhone 16 Plus",2,"asdd"
"MPF-CC-0378","CC-0378","CC Board","Apple iPhone 17",2,"assddf"
"MPF-CC-0379","CC-0379","CC Board","Apple iPhone SE (2022)",2,"ssdf"
"MPF-CC-0380","CC-0380","CC Board","Apple iPhone 13 Pro Max",3,"aassfd"
"MPF-CC-0381","CC-0381","CC Board","Apple iPhone 13 Pro",4,"sdsf"
"MPF-CC-0382","CC-0382","CC Board","Nokia 3.1 A",2,"asdf"
"MPF-CC-0383","CC-0383","CC Board","Nokia C2 Tava",2,"asdf"
"MPF-CC-0384","CC-0384","CC Board","Nokia 8 V 5G UW",2,"asdf"
"MPF-CC-0385","CC-0385","CC Board","Nokia 3.4",2,"assd"
"MPF-CC-0386","CC-0386","CC Board","Nokia G10",2,"assdf"
"MPF-CC-0387","CC-0387","CC Board","Nokia X10",2,"asdf"
"MPF-CC-0388","CC-0388","CC Board","Nokia C01 Plus",2,"assd"
"MPF-CC-0389","CC-0389","CC Board","Nokia C21 Plus",2,"assdf"
"MPF-CC-0390","CC-0390","CC Board","Nokia C12",3,"assd"
"MPF-CC-0391","CC-0391","CC Board","Nokia C10",3,"assdff"
"MPF-CC-0392","CC-0392","CC Board","Nokia C22",4,"asdf"
"MPF-CC-0393","CC-0393","CC Board","Asus Zenfone 5 ZE620KL",2,"asddf"
"MPF-CC-0394","CC-0394","CC Board","Asus Zenfone Max Shot ZB634KL",2,"aasd"
"MPF-CC-0395","CC-0395","CC Board","Asus ZenFone Live (L2)",2,"asdf"
"MPF-CC-0396","CC-0396","CC Board","Asus ROG Phone 3",2,"asdd"
"MPF-CC-0397","CC-0397","CC Board","Asus Zenfone 7",2,"assfd"
"MPF-CC-0398","CC-0398","CC Board","Asus ROG Phone 5s",5,"aasf"
"MPF-CC-0399","CC-0399","CC Board","Asus ROG Phone 8",6,"asdf"
"MPF-CC-0400","CC-0400","CC Board","Asus ROG Phone 6",8,"asddf"
"MPF-CC-0401","CC-0401","CC Board","Coolpad Cool 20",2,"asdf"
"MPF-CC-0402","CC-0402","CC Board","Coolpad C16s",2,"asdf"
"MPF-CC-0403","CC-0403","CC Board","Coolpad CP12 Neo",3,"asdf"
"MPF-CC-0404","CC-0404","CC Board","Google Pixel 9 Pro XL",2,"asdsf"
"MPF-CC-0405","CC-0405","CC Board","Google Pixel 9 Pro",2,"asdf"
"MPF-CC-0406","CC-0406","CC Board","Google Pixel 10",2,"asdf"
"MPF-CC-0407","CC-0407","CC Board","Honor Magic 2",2,"assdf"
"MPF-CC-0408","CC-0408","CC Board","Honor 20S",2,"asdf"
"MPF-CC-0409","CC-0409","CC Board","Honor 9X",2,"asdf"
"MPF-CC-0410","CC-0410","CC Board","Honor 30 Pro",2,"asdf"
"MPF-CC-0411","CC-0411","CC Board","Honor 9A",2,"asdf"
"MPF-CC-0412","CC-0412","CC Board","Honor 7S",2,"asdd"
"MPF-CC-0413","CC-0413","CC Board","Honor 8X",2,"asdf"
"MPF-CC-0414","CC-0414","CC Board","Honor View30",2,"asdd"
"MPF-CC-0415","CC-0415","CC Board","Honor 20 lite (China)",2,"aaddf"
"MPF-CC-0416","CC-0416","CC Board","Honor X20 SE",2,"assf"
"MPF-CC-0417","CC-0417","CC Board","Honor X10 Max 5G",2,"asdf"
"MPF-CC-0418","CC-0418","CC Board","Honor Magic4 Pro",2,"asdf"
"MPF-CC-0419","CC-0419","CC Board","Honor 60",2,"asdfg"
"MPF-CC-0420","CC-0420","CC Board","Honor 70 Pro",2,"asdf"
"MPF-CC-0421","CC-0421","CC Board","Honor Magic5 Pro",2,"asdf"
"MPF-CC-0422","CC-0422","CC Board","Honor Play 40 Plus",2,"asdf"
"MPF-CC-0423","CC-0423","CC Board","Honor Play9C (China)",2,"asdf"
"MPF-CC-0424","CC-0424","CC Board","Honor 300 Pro",2,"asdf"
"MPF-CC-0425","CC-0425","CC Board","Honor X60",2,"asdf"
"MPF-CC-0426","CC-0426","CC Board","Honor Magic7 Pro",2,"asdf"
"MPF-CC-0427","CC-0427","CC Board","Honor 400 Lite",2,"asdf"
"MPF-CC-0428","CC-0428","CC Board","Honor 400 (China)",2,"asf"
"MPF-CC-0429","CC-0429","CC Board","Honor 200 Smart",2,"asdf"
"MPF-CC-0430","CC-0430","CC Board","Honor 500",2,"asdsd"
"MPF-CC-0431","CC-0431","CC Board","Honor Win",2,"asdf"
"MPF-CC-0432","CC-0432","CC Board","Honor Magic8 Pro",2,"asdf"
"MPF-CC-0433","CC-0433","CC Board","Honor Play 60A",3,"assd"
"MPF-CC-0434","CC-0434","CC Board","Honor V30",3,"asdf"
"MPF-CC-0435","CC-0435","CC Board","Honor 9C",3,"asdd"
"MPF-CC-0436","CC-0436","CC Board","Honor 8S",3,"asdf"
"MPF-CC-0437","CC-0437","CC Board","Honor Magic3",3,"asdf"
"MPF-CC-0438","CC-0438","CC Board","Honor 50 Lite",3,"asd"
"MPF-CC-0439","CC-0439","CC Board","Honor Play6T Pro",3,"zxdf"
"MPF-CC-0440","CC-0440","CC Board","Honor Play 30 Plus",3,"qefe"
"MPF-CC-0441","CC-0441","CC Board","Honor Magic5 Lite",3,"asddf"
"MPF-CC-0442","CC-0442","CC Board","Honor Play 40",3,"asdf"
"MPF-CC-0443","CC-0443","CC Board","Honor Magic6 Pro",3,"asdd"
"MPF-CC-0444","CC-0444","CC Board","Honor X9c",3,"asdd"
"MPF-CC-0445","CC-0445","CC Board","Honor Play10C",3,"asddf"
"MPF-CC-0446","CC-0446","CC Board","Honor X5c",5,"asd"
"MPF-CC-0447","CC-0447","CC Board","Honor Magic8 Lite",3,"asdd"
"MPF-CC-0448","CC-0448","CC Board","Honor 8A Prime",4,"asd"
"MPF-CC-0449","CC-0449","CC Board","Honor 20 lite",4,"aadsdf"
"MPF-CC-0450","CC-0450","CC Board","Honor GT",4,"asdf"
"MPF-CC-0451","CC-0451","CC Board","Honor X6",5,"asdf"
"MPF-CC-0452","CC-0452","CC Board","Honor X40i",5,"asasd"
"MPF-CC-0453","CC-0453","CC Board","Honor X40 GT",5,"adfd"
"MPF-CC-0454","CC-0454","CC Board","Honor X50",5,"asdd"
"MPF-CC-0455","CC-0455","CC Board","Honor X8c",5,"asdf"
"MPF-CC-0456","CC-0456","CC Board","Honor X7b",6,"assf"
"MPF-CC-0457","CC-0457","CC Board","Honor X6b",7,"adfs"
"MPF-CC-0458","CC-0458","CC Board","HMD Crest",2,"assd"
"MPF-CC-0459","CC-0459","CC Board","HMD Pulse",3,"Axasd"
"MPF-CC-0460","CC-0460","CC Board","HMD Arc",3,"assd"
"MPF-CC-0461","CC-0461","CC Board","Tecno Spark CM",2,"asdf"
"MPF-CC-0462","CC-0462","CC Board","Tecno Camon 11",2,"ssd"
"MPF-CC-0463","CC-0463","CC Board","Tecno Pop 3 Plus",2,"asdf"
"MPF-CC-0464","CC-0464","CC Board","Tecno Camon 15 Premier",2,"xsf"
"MPF-CC-0465","CC-0465","CC Board","Tecno Camon 16",2,"zcsf"
"MPF-CC-0466","CC-0466","CC Board","Tecno Spark 7T",2,"dgvv"
"MPF-CC-0467","CC-0467","CC Board","Tecno Pop 5 LTE",2,"xzzsc"
"MPF-CC-0468","CC-0468","CC Board","Tecno Spark 9T",3,"xsff"
"MPF-CC-0469","CC-0469","CC Board","Tecno Phantom X2",2,"asfd"
"MPF-CC-0470","CC-0470","CC Board","Tecno Camon 20",3,"asdw"
"MPF-CC-0471","CC-0471","CC Board","Tecno Camon 20 Pro 5G",2,"assd"
"MPF-CC-0472","CC-0472","CC Board","Tecno Pova 6 Neo 5G",2,"adsd"
"MPF-CC-0473","CC-0473","CC Board","Tecno Pova Curve",2,"sdsf"
"MPF-CC-0474","CC-0474","CC Board","Tecno Spark Slim",2,"zdsf"
"MPF-CC-0475","CC-0475","CC Board","Tecno Pouvoir 4",3,"adsd"
"MPF-CC-0476","CC-0476","CC Board","Tecno Camon 15 Air",3,"asdf"
"MPF-CC-0477","CC-0477","CC Board","Tecno Spark Go 2020",3,"asd"
"MPF-CC-0478","CC-0478","CC Board","Tecno Camon 18",3,"asd"
"MPF-CC-0479","CC-0479","CC Board","Tecno Pop 7",5,"adssd"
"MPF-CC-0480","CC-0480","CC Board","Tecno Camon 50 Pro",3,"sdsdf"
"MPF-CC-0481","CC-0481","CC Board","Tecno Pova 5",6,"asdf"
"MPF-CC-0482","CC-0482","CC Board","Tecno Spark 20",7,"zxs"
"MPF-CC-0483","CC-0483","CC Board","Lava Z3",2,"axxasf"
"MPF-CC-0484","CC-0484","CC Board","Lava Blaze Pro 5G",2,"xsfc"
"MPF-CC-0485","CC-0485","CC Board","Lava Storm Play",2,"asdd"
"MPF-CC-0486","CC-0486","CC Board","Lava Blaze Duo 3",2,"zxzc"
"MPF-CC-0487","CC-0487","CC Board","Lava Blaze",3,"zsf"
"MPF-CC-0488","CC-0488","CC Board","Lava Bold N1 4G",3,"asaf"
"MPF-CC-0489","CC-0489","CC Board","Lava Z6",4,"asd"
"MPF-CC-0490","CC-0490","CC Board","Lava Blaze 2",4,"adsd"
"MPF-CC-0491","CC-0491","CC Board","Nothing Phone (3a)",4,"asdd"
"MPF-CC-0492","CC-0492","CC Board","Huawei Y5 lite (2018)",3,"asdf"
"MPF-CC-0493","CC-0493","CC Board","Huawei Y8s",2,"zxsf"
"MPF-CC-0494","CC-0494","CC Board","Huawei P30 Pro",2,"asswf"
"MPF-CC-0495","CC-0495","CC Board","Huawei Enjoy Z 5G",2,"sdsd"
"MPF-CC-0496","CC-0496","CC Board","Huawei P40 Pro",2,"ase"
"MPF-CC-0497","CC-0497","CC Board","Huawei Enjoy 20 Plus 5G",2,"assddr"
"MPF-CC-0498","CC-0498","CC Board","Huawei P40",2,"asasd"
"MPF-CC-0499","CC-0499","CC Board","Huawei nova 8 Pro 4G",2,"adsd"
"MPF-CC-0500","CC-0500","CC Board","Huawei nova 8",2,"sdsf"
"MPF-CC-0501","CC-0501","CC Board","Huawei Enjoy 20 5G",2,"adsf"
"MPF-CC-0502","CC-0502","CC Board","Huawei nova 10z",2,"asd"
"MPF-CC-0503","CC-0503","CC Board","Huawei Mate 50 Pro",2,"zxsf"
"MPF-CC-0504","CC-0504","CC Board","Huawei Enjoy 50z",2,"zxzc"
"MPF-CC-0505","CC-0505","CC Board","Huawei nova 11 Pro",2,"asdf"
"MPF-CC-0506","CC-0506","CC Board","Huawei Enjoy 60 Pro",2,"asdd"
"MPF-CC-0507","CC-0507","CC Board","Huawei nova 12 Pro",2,"asdsad"
"MPF-CC-0508","CC-0508","CC Board","Huawei nova 12 Lite",2,"sdadf"
"MPF-CC-0509","CC-0509","CC Board","Huawei Enjoy 70X",2,"sdffg"
"MPF-CC-0510","CC-0510","CC Board","Huawei Mate 80",2,"asd"
"MPF-CC-0511","CC-0511","CC Board","Huawei nova 15 Pro",2,"adfef"
"MPF-CC-0512","CC-0512","CC Board","Huawei Enjoy 10 Plus",3,"asad"
"MPF-CC-0513","CC-0513","CC Board","Huawei P30 lite",3,"asde"
"MPF-CC-0514","CC-0514","CC Board","Huawei nova 6 SE",3,"assd"
"MPF-CC-0515","CC-0515","CC Board","Huawei Enjoy 10",3,"asd"
"MPF-CC-0516","CC-0516","CC Board","Huawei Y6 (2019)",3,"asd"
"MPF-CC-0517","CC-0517","CC Board","Huawei Enjoy 10s",3,"asda"
"MPF-CC-0518","CC-0518","CC Board","Huawei nova 7 SE",3,"assd"
"MPF-CC-0519","CC-0519","CC Board","Huawei Enjoy 20 SE",3,"adsdw"
"MPF-CC-0520","CC-0520","CC Board","Huawei Mate 40",3,"sdasf"
"MPF-CC-0521","CC-0521","CC Board","Huawei Enjoy 20e",3,"asd"
"MPF-CC-0522","CC-0522","CC Board","Huawei nova 9 SE",3,"asad"
"MPF-CC-0523","CC-0523","CC Board","Huawei P60",3,"ZXsc"
"MPF-CC-0524","CC-0524","CC Board","Huawei Mate 60 Pro",3,"asds"
"MPF-CC-0525","CC-0525","CC Board","Huawei nova 12 SE",3,"asd"
"MPF-CC-0526","CC-0526","CC Board","Huawei Pura 70 Pro",3,"asd"
"MPF-CC-0527","CC-0527","CC Board","Huawei Mate 70 Pro",3,"sdsf"
"MPF-CC-0528","CC-0528","CC Board","Huawei nova 12i",3,"zdsfdf"
"MPF-CC-0529","CC-0529","CC Board","Huawei Pura 80 Pro",3,"dfd"
"MPF-CC-0530","CC-0530","CC Board","Huawei nova Y91",3,"sdef"
"MPF-CC-0531","CC-0531","CC Board","Huawei Enjoy 90",4,"sdefg"
"MPF-CC-0532","CC-0532","CC Board","Huawei Mate 80 Pro Max",3,"adsfd"
"MPF-CC-0533","CC-0533","CC Board","Huawei Y7 (2019)",4,"lmmkjk"
"MPF-CC-0534","CC-0534","CC Board","Huawei P smart 2020",4,"dfsd"
"MPF-CC-0535","CC-0535","CC Board","Huawei Mate 30 Pro",4,"asf"
"MPF-CC-0536","CC-0536","CC Board","Huawei Mate 40 Pro",3,"adsd"
"MPF-CC-0537","CC-0537","CC Board","Huawei Enjoy 60",8,"sdsff"
"MPF-CC-0538","CC-0538","CC Board","ZTE nubia Focus Pro",2,"adsd"
"MPF-CC-0539","CC-0539","CC Board","ZTE Blade L8",2,"asdf"
"MPF-CC-0540","CC-0540","CC Board","ZTE Avid 579",2,"aas"
"MPF-CC-0541","CC-0541","CC Board","ZTE nubia RedMagic 5S",2,"sf"
"MPF-CC-0542","CC-0542","CC Board","ZTE Axon 11 SE 5G",2,"asadwd"
"MPF-CC-0543","CC-0543","CC Board","ZTE Axon 20 4G",2,"addw"
"MPF-CC-0544","CC-0544","CC Board","ZTE Blade A7P",2,"sdsf"
"MPF-CC-0545","CC-0545","CC Board","ZTE A41 Ultra",2,"jhhjhjs"
"MPF-CC-0546","CC-0546","CC Board","ZTE nubia RedMagic 7S",2,"ahdjf"
"MPF-CC-0547","CC-0547","CC Board","ZTE Axon 30S",2,"jhjdf"
"MPF-CC-0548","CC-0548","CC Board","ZTE Axon 40 Ultra",2,"hghsd"
"MPF-CC-0549","CC-0549","CC Board","ZTE Axon 40 Pro",2,"jjjdf"
"MPF-CC-0550","CC-0550","CC Board","ZTE nubia Z50 Ultra",2,"fhjg"
"MPF-CC-0551","CC-0551","CC Board","ZTE Blade A34",2,"kjhjhfd"
"MPF-CC-0552","CC-0552","CC Board","ZTE Axon 60 Lite",2,"xcdfv"
"MPF-CC-0553","CC-0553","CC Board","ZTE nubia Z70 Ultra",2,"kjhd"
"MPF-CC-0554","CC-0554","CC Board","ZTE Blade A36",2,"jnfkg"
"MPF-CC-0555","CC-0555","CC Board","ZTE Blade V80 Design",2,"jjfd"
"MPF-CC-0556","CC-0556","CC Board","ZTE Blade A3 Plus",3,"jhjdf"
"MPF-CC-0557","CC-0557","CC Board","ZTE Axon 40 SE",3,"nnmnv"
"MPF-CC-0558","CC-0558","CC Board","ZTE Blade V40 Pro",3,"jjbjdg"
"MPF-CC-0559","CC-0559","CC Board","ZTE Blade A72",3,"jnjgfh"
"MPF-CC-0560","CC-0560","CC Board","ZTE nubia RedMagic 3",4,"jhhgg"
"MPF-CC-0561","CC-0561","CC Board","ZTE nubia RedMagic 6s",4,"kkjkdf"
"MPF-CC-0562","CC-0562","CC Board","ZTE nubia RedMagic 10 Pro",4,"kdfsf"
"MPF-CC-0563","CC-0563","CC Board","ZTE nubia RedMagic 11 Air",4,"kjkfdf"
"MPF-CC-0564","CC-0564","CC Board","ZTE Axon 10 Pro",6,"jhjfdf"
"MPF-CC-0565","CC-0565","CC Board","ZTE nubia RedMagic 8 Pro",10,"kjkhf"
"MPF-CC-0566","CC-0566","CC Board","Lenovo S5 Pro",2,"jhjdf"
"MPF-CC-0567","CC-0567","CC Board","Lenovo Z5 Pro",2,"kjjhuu"
"MPF-CC-0568","CC-0568","CC Board","Lenovo Z6 Youth",2,"khjdf"
"MPF-CC-0569","CC-0569","CC Board","Lenovo Z6 Pro",2,"hjgdf"
"MPF-CC-0570","CC-0570","CC Board","Lenovo Legion Duel",2,"jhjhgh"
"MPF-CC-0571","CC-0571","CC Board","Lenovo Legion 2 Pro",2,"jhghgh"
"MPF-CC-0572","CC-0572","CC Board","Lenovo K13 Note",2,"jhjghj"
"MPF-CC-0573","CC-0573","CC Board","Realme C55",2,"kjjhu"
"MPF-CC-0574","CC-0574","CC Board","Oppo A8",4,"jhug"
"MPF-CC-0575","CC-0575","CC Board","Oppo A2",3,"iihugyfe"
"MPF-CC-0576","CC-0576","CC Board","Realme C21Y",2,"hugy"
"MPF-CC-0577","CC-0577","CC Board","Oppo A77 (2017)",2,"jhjggh"
"MPF-CC-0578","CC-0578","CC Board","Infinix Hot 6X",2,"nnjggd"
"MPF-CC-0579","CC-0579","CC Board","Tecno Spark 5 pro",2,"hghg"
"MPF-CC-0580","CC-0580","CC Board","Realme 7i",4,"jbhfr"
"MPF-CC-0581","CC-0581","CC Board","Realme 9 5G",2,"jhhfg"
"MPF-CC-0582","CC-0582","CC Board","Tecno Spark 40",4,"hugy"
"MPF-CC-0583","CC-0583","CC Board","Tecno Spark 30 5G",3,"kjghfhyg"
"MPF-CC-0584","CC-0584","CC Board","Infinix Hot 50i",4,"jhhgy"
"MPF-CC-0585","CC-0585","CC Board","Apple iPhone 12",3,"jhhftr"
"MPF-CC-0586","CC-0586","CC Board","Apple iPhone 15",2,"jghfg"
"MPF-CC-0587","CC-0587","CC Board","Apple iPhone 6",4,"hvhvgv"
"MPF-CC-0588","CC-0588","CC Board","Oppo A55s",2,"khuty"
"MPF-CC-0589","CC-0589","CC Board","Oppo A11s",2,"hhfy"
"MPF-CC-0590","CC-0590","CC Board","Oppo A92",3,"hjgyrt"
"MPF-CC-0591","CC-0591","CC Board","Oppo A74",2,"hggf"
"MPF-CC-0592","CC-0592","CC Board","Oppo A6c",4,"hggdg"
"MPF-CC-0593","CC-0593","CC Board","Oppo A5x 4G",3,"jhjgu"
"MPF-CC-0594","CC-0594","CC Board","Oppo A55",2,"hjg"
"MPF-CC-0595","CC-0595","CC Board","Oppo A3x",3,"jhjgy"
"MPF-CC-0596","CC-0596","CC Board","Oppo F23",2,"jkkhhgh"
"MPF-CC-0597","CC-0597","CC Board","Realme Narzo 70",2,"jhjghg"
"MPF-CC-0598","CC-0598","CC Board","Realme 10T",3,"hjgkjk"
"MPF-CC-0599","CC-0599","CC Board","Realme C71",4,"kjkhdi"
"MPF-CC-0600","CC-0600","CC Board","Realme C65 5G",2,"jugugu"
"MPF-CC-0601","CC-0601","CC Board","vivo iQOO Z10 Turbo",10,"kjkhugu"
"MPF-CC-0602","CC-0602","CC Board","vivo V1",2,"khjhfj"
"MPF-CC-0603","CC-0603","CC Board","vivo Y27s",10,"kkhj"
"MPF-CC-0604","CC-0604","CC Board","vivo Y15S (2015)",2,"jjkfjdd"
"MPF-CC-0605","CC-0605","CC Board","Oppo A58 (China)",4,"jhsjdhjs"
"MPF-CC-0606","CC-0606","CC Board","Oppo A18",3,"jhkfk"
"MPF-CC-0607","CC-0607","CC Board","Samsung Galaxy J7 Pro",2,"jhdjfhje"
"MPF-CC-0608","CC-0608","CC Board","Samsung Galaxy A52",3,"hhkhdkjsk"
"MPF-CC-0609","CC-0609","CC Board","Samsung Galaxy A30",4,"kjfkjk"
"MPF-CC-0610","CC-0610","CC Board","Samsung Galaxy A13",2,"jhjghfg"
"MPF-CC-0611","CC-0611","CC Board","Samsung Galaxy M55",4,"jhcgfh"
"MPF-CC-0612","CC-0612","CC Board","Samsung Galaxy A16 5G",9,"hjghgj"
"MPF-CC-0613","CC-0613","CC Board","Samsung Galaxy F05",3,"hghjhj"
"MPF-CC-0614","CC-0614","CC Board","Samsung Galaxy F56",2,"hhgyg"
"MPF-CC-0615","CC-0615","CC Board","Samsung Galaxy A07",5,"jhjffgfg"
"MPF-CC-0616","CC-0616","CC Board","Samsung Galaxy F06 5G",2,"bhvhfgf"
"MPF-CC-0617","CC-0617","CC Board","Samsung Galaxy J4+",2,"bvnbcgg"
"MPF-CC-0618","CC-0618","CC Board","Samsung Galaxy A23",6,"ghgfg"
"MPF-CC-0619","CC-0619","CC Board","Samsung Galaxy M31",4,"jhkg"
"MPF-CC-0620","CC-0620","CC Board","Samsung Galaxy M21",2,"jhjvhjfjh"
"MPF-CC-0621","CC-0621","CC Board","Samsung Galaxy M30",2,"jjgjkuy"
"MPF-CC-0622","CC-0622","CC Board","Samsung Galaxy M02",6,"jhhjghf"
"MPF-CC-0623","CC-0623","CC Board","Samsung Galaxy A03",8,"jghfgfh"
"MPF-CC-0624","CC-0624","CC Board","Motorola Moto E32s",3,"khghfg"
"MPF-CC-0625","CC-0625","CC Board","Motorola Moto E22s",3,"jhjgyuuuy"
"MPF-CC-0626","CC-0626","CC Board","Motorola Edge 20 Pro",2,"jhjhfgghg"
"MPF-CC-0627","CC-0627","CC Board","Motorola Moto E7 Power",2,"jbjfhf"
"MPF-CC-0628","CC-0628","CC Board","Motorola Moto G Power (2026)",2,"jgfgf"
"MPF-CC-0629","CC-0629","CC Board","Motorola Moto G52",2,"khfg"
"MPF-CC-0630","CC-0630","CC Board","Motorola Moto G31",2,"hjhjhk"
"MPF-CC-0631","CC-0631","CC Board","Motorola Moto G10",3,"jkhjkg"
"MPF-CC-0632","CC-0632","CC Board","Xiaomi Redmi 14C",3,"fghth"
"MPF-CC-0633","CC-0633","CC Board","Motorola Moto E32",2,"rrytd"
"MPF-CC-0634","CC-0634","CC Board","Oppo F19",4,"dffg"
"MPF-CC-0635","CC-0635","CC Board","Xiaomi Redmi Note 10 5G",2,"cnvfnn"
"MPF-CC-0636","CC-0636","CC Board","Xiaomi Redmi Note 10 Pro",3,"hjhjhhk"
"MPF-CC-0637","CC-0637","CC Board","Xiaomi Redmi Note 10",3,"hdggdhe"
"MPF-CC-0638","CC-0638","CC Board","Realme 8 5G",2,"sgdhf"
"MPF-CC-0639","CC-0639","CC Board","Realme C25",6,"fdhh"
"MPF-CC-0640","CC-0640","CC Board","Realme C11 (2021)",5,"dfh"
"MPF-CC-0641","CC-0641","CC Board","Realme C30",5,"SGSF"
"MPF-CC-0642","CC-0642","CC Board","Realme 9",3,"SFGHHF"
"MPF-CC-0643","CC-0643","CC Board","Realme C2s",3,"asg"
"MPF-CC-0644","CC-0644","CC Board","Oppo A96",4,"dfha"
"MPF-CC-0645","CC-0645","CC Board","Oppo A93 5G",5,"zdfGD"
"MPF-CC-0646","CC-0646","CC Board","Realme 8i",4,"thth"
"MPF-CC-0647","CC-0647","CC Board","Oppo A15",3,"fgjsf"
"MPF-CC-0648","CC-0648","CC Board","Oppo A32",3,"gjhgj"
"MPF-CC-0649","CC-0649","CC Board","Oppo A5 (2020)",3,"jhsj"
"MPF-CC-0650","CC-0650","CC Board","Oppo F19 Pro",9,"thaha"
"MPF-CC-0651","CC-0651","CC Board","Oppo A5s (AX5s)",3,"xfh"
"MPF-CC-0652","CC-0652","CC Board","Oppo A11k",3,"dfh"
"MPF-CC-0653","CC-0653","CC Board","Realme 3",2,"fg"
"MPF-CC-0654","CC-0654","CC Board","Oppo A3s",7,"regg"
"MPF-CC-0655","CC-0655","CC Board","Oppo F9 (F9 Pro)",4,"fghsj"
"MPF-CC-0656","CC-0656","CC Board","Oppo A9",3,"fjfhj"
"MPF-CC-0657","CC-0657","CC Board","Oppo A16e",2,"fghjsfg"
"MPF-CC-0658","CC-0658","CC Board","Oppo A16",3,"bjkfj"
"MPF-CC-0659","CC-0659","CC Board","Realme 5",3,"afdgdafh"
"MPF-CC-0660","CC-0660","CC Board","Realme 6",2,"dfghgd"
"MPF-CC-0661","CC-0661","CC Board","Realme C11",3,"dsfg"
"MPF-CC-0662","CC-0662","CC Board","Realme 8",2,"ghgh"
"MPF-CC-0663","CC-0663","CC Board","OnePlus 6T",2,"fgjfg"
"MPF-CC-0664","CC-0664","CC Board","OnePlus 7 Pro",4,"dgjdh"
"MPF-CC-0665","CC-0665","CC Board","OnePlus 8",3,"dfhjj"
"MPF-CC-0666","CC-0666","CC Board","OnePlus 8T",3,"aradfha"
"MPF-CC-0667","CC-0667","CC Board","Oppo A56s",5,"fgjj"
"MPF-CC-0668","CC-0668","CC Board","Oppo A57 4G",7,"xnn"
"MPF-CC-0669","CC-0669","CC Board","Realme 9 Pro",5,"dghjdh"
"MPF-CC-0670","CC-0670","CC Board","Oppo F21 Pro 5G",6,"fgg"
"MPF-CC-0671","CC-0671","CC Board","Xiaomi Redmi 9",4,"sfhhg"
"MPF-CC-0672","CC-0672","CC Board","Xiaomi Redmi Note 9 Pro",5,"sdgs"
"MPF-CC-0673","CC-0673","CC Board","Xiaomi Redmi 10C",2,"dfhadfh"
"MPF-CC-0674","CC-0674","CC Board","Xiaomi Redmi 12",2,"sgfsg"
"MPF-CC-0675","CC-0675","CC Board","Xiaomi Redmi 10 5G",5,"fghsfgh"
"MPF-CC-0676","CC-0676","CC Board","Xiaomi Mi 11X",3,"gj"
"MPF-CC-0677","CC-0677","CC Board","Xiaomi Redmi 13 5G",2,"fgh"
"MPF-CC-0678","CC-0678","CC Board","Xiaomi Redmi A3",3,"sfgsh"
"MPF-CC-0679","CC-0679","CC Board","Xiaomi Redmi 9T",3,"fghf"
"MPF-CC-0680","CC-0680","CC Board","Xiaomi Redmi 13C",5,"ghh"
"MPF-CC-0681","CC-0681","CC Board","Xiaomi Redmi 9A",12,"gdhjghj"
"MPF-CC-0682","CC-0682","CC Board","Xiaomi Redmi Note 7",3,"zdfh"
"MPF-CC-0683","CC-0683","CC Board","Xiaomi Redmi 8",4,"thsth"
"MPF-CC-0684","CC-0684","CC Board","Xiaomi Redmi 7",2,"gkk"
"MPF-CC-0685","CC-0685","CC Board","Xiaomi Redmi A1",4,"dghdgh"
"MPF-CC-0686","CC-0686","CC Board","Xiaomi Poco X3",3,"hjkfhk"
"MPF-CC-0687","CC-0687","CC Board","Xiaomi Redmi 6",2,"gjgfj"
"MPF-CC-0688","CC-0688","CC Board","Xiaomi Redmi Note 11",3,"hflh"
"MPF-CC-0689","CC-0689","CC Board","Xiaomi Redmi Go",2,"zgh"
"MPF-CC-0690","CC-0690","CC Board","Xiaomi Mi 8",3,"hghg"
"MPF-CC-0691","CC-0691","CC Board","Xiaomi Mi A3",2,"fgzhfg"
"MPF-CC-0692","CC-0692","CC Board","Xiaomi Redmi Note 8",3,"dghjd"
"MPF-CC-0693","CC-0693","CC Board","Xiaomi Mi 9 Lite",2,"rtrt"
"MPF-CC-0694","CC-0694","CC Board","vivo T1 5G",10,"yy"
"MPF-CC-0695","CC-0695","CC Board","vivo Y03",11,"adfhah"
"MPF-CC-0696","CC-0696","CC Board","vivo Y81",4,"gjsf"
"MPF-CC-0697","CC-0697","CC Board","vivo Y3",11,"ryuy"
"MPF-CC-0698","CC-0698","CC Board","vivo Y11s",17,"hjhj"
"MPF-CC-0699","CC-0699","CC Board","vivo Y21a",13,"gjgk"
"MPF-CC-0700","CC-0700","CC Board","vivo Y31 (2021)",9,"dfh"
"MPF-CC-0701","CC-0701","CC Board","vivo Y01",4,"ufku"
"MPF-CC-0702","CC-0702","CC Board","vivo Y02",4,"gkgjk"
"MPF-CC-0703","CC-0703","CC Board","vivo Y22",5,"fgfdh"
"MPF-CC-0704","CC-0704","CC Board","vivo Y19 (2019)",5,"zgzg"
"MPF-CC-0705","CC-0705","CC Board","vivo V9",8,"gjkjk"
"MPF-CC-0706","CC-0706","CC Board","vivo X21",2,"dghjghj"
"MPF-CC-0707","CC-0707","CC Board","vivo S7",3,"ggghh"
"MPF-CC-0708","CC-0708","CC Board","vivo V23 5G",2,"yyyy"
"MPF-CC-0709","CC-0709","CC Board","vivo Y1s",8,"fgfg"
"MPF-CC-0710","CC-0710","CC Board","vivo Y97",4,"fgh"
"MPF-CC-0711","CC-0711","CC Board","vivo V11 (V11 Pro)",2,"zfdhh"
"MPF-CC-0712","CC-0712","CC Board","vivo iQOO Pro",2,"fagh"
"MPF-CC-0713","CC-0713","CC Board","vivo Y02s",2,"dsgS"
"MPF-CC-0714","CC-0714","CC Board","vivo Y30 5G",5,"sdfhsdh"
"MPF-CC-0715","CC-0715","CC Board","vivo Y35 5G",3,"rtr"
"MPF-BT-0229","BT-0229","Battery","vivo S1",2,"Vivo S1"
